{"type": "FeatureCollection", "features": [{"type": "Feature", "properties": {"name": "Russia"}, "geometry": {"type": "MultiPolygon", "coordinates": [[[[130.687305, 42.302539], [130.658008, 42.327783], [130.651563, 42.37251], [130.617969, 42.415625], [130.554102, 42.474707], [130.526953, 42.5354], [130.584473, 42.567334], [130.576563, 42.623242], [130.520605, 42.674316], [130.439258, 42.685547], [130.419922, 42.699854], [130.424805, 42.727051], [130.452734, 42.75542], [130.492969, 42.779102], [130.577246, 42.811621], [130.722461, 42.83584], [130.80332, 42.856836], [130.868555, 42.86333], [130.942871, 42.851758], [131.005566, 42.883105], [131.068555, 42.902246], [131.083496, 42.956299], [131.086133, 43.038086], [131.108984, 43.062451], [131.135547, 43.097607], [131.175586, 43.142187], [131.211914, 43.257764], [131.239355, 43.337646], [131.257324, 43.378076], [131.261816, 43.433057], [131.243945, 43.469043], [131.20918, 43.49043], [131.182422, 43.505566], [131.180078, 43.56709], [131.183594, 43.650879], [131.174219, 43.704736], [131.213281, 44.00293], [131.255273, 44.071582], [131.125781, 44.469189], [131.086914, 44.595654], [131.060645, 44.659668], [131.003906, 44.753223], [130.967773, 44.799951], [130.981641, 44.844336], [131.033008, 44.888867], [131.082324, 44.91001], [131.22793, 44.920166], [131.268262, 44.936133], [131.446875, 44.984033], [131.4875, 45.013135], [131.578711, 45.083643], [131.613965, 45.136572], [131.654004, 45.205371], [131.74209, 45.242627], [131.794922, 45.305273], [131.851855, 45.326855], [131.909277, 45.27373], [131.977539, 45.243994], [132.067383, 45.225977], [132.181348, 45.203271], [132.362988, 45.159961], [132.549023, 45.122803], [132.665625, 45.093701], [132.723145, 45.080566], [132.838672, 45.061133], [132.88877, 45.046045], [132.936035, 45.029932], [133.011719, 45.074561], [133.113477, 45.130713], [133.096875, 45.220459], [133.113379, 45.321436], [133.186035, 45.494824], [133.266992, 45.545264], [133.30957, 45.553076], [133.355469, 45.572217], [133.436426, 45.604687], [133.465625, 45.651221], [133.449121, 45.705078], [133.475781, 45.757666], [133.484668, 45.810449], [133.513086, 45.878809], [133.551172, 45.897803], [133.608008, 45.920312], [133.647852, 45.955225], [133.685742, 46.008936], [133.711133, 46.069629], [133.700684, 46.139746], [133.750195, 46.185937], [133.832813, 46.224268], [133.861328, 46.247754], [133.874805, 46.309082], [133.880273, 46.336035], [133.902734, 46.366943], [133.886719, 46.430566], [133.866602, 46.499121], [133.95752, 46.614258], [134.022656, 46.713184], [134.038574, 46.858154], [134.045996, 46.881982], [134.071387, 46.950781], [134.086426, 46.978125], [134.136914, 47.068994], [134.202148, 47.128076], [134.189258, 47.194238], [134.162988, 47.25874], [134.167676, 47.302197], [134.225195, 47.352637], [134.260059, 47.377734], [134.29082, 47.413574], [134.339453, 47.429492], [134.38252, 47.438232], [134.483496, 47.447363], [134.541895, 47.485156], [134.596191, 47.523877], [134.695801, 47.624854], [134.728125, 47.684473], [134.752344, 47.71543], [134.698633, 47.801416], [134.650293, 47.874268], [134.591309, 47.975195], [134.566016, 48.02251], [134.605371, 48.08291], [134.647266, 48.120166], [134.669336, 48.15332], [134.680859, 48.210449], [134.665234, 48.253906], [134.563574, 48.321729], [134.456152, 48.355322], [134.334961, 48.368848], [134.293359, 48.373437], [134.205859, 48.359912], [133.842188, 48.27373], [133.671777, 48.207715], [133.573242, 48.133008], [133.468359, 48.097168], [133.301172, 48.101514], [133.144043, 48.105664], [133.020117, 48.064404], [132.877148, 47.979102], [132.772852, 47.940088], [132.707227, 47.947266], [132.636914, 47.890088], [132.561914, 47.768506], [132.47627, 47.71499], [132.380176, 47.729492], [132.149805, 47.717969], [131.785254, 47.680518], [131.556738, 47.682031], [131.464258, 47.722607], [131.319336, 47.727832], [131.121875, 47.697656], [131.002734, 47.691455], [130.961914, 47.709326], [130.932813, 47.759814], [130.91543, 47.84292], [130.848633, 47.929443], [130.732617, 48.019238], [130.712109, 48.127637], [130.787207, 48.25459], [130.804297, 48.341504], [130.763477, 48.388428], [130.746875, 48.430371], [130.65918, 48.483398], [130.597266, 48.574658], [130.552148, 48.60249], [130.565625, 48.680127], [130.617188, 48.773193], [130.553125, 48.861182], [130.355273, 48.866357], [130.195996, 48.89165], [130.037109, 48.972266], [129.792578, 49.198877], [129.671094, 49.278516], [129.591406, 49.28667], [129.533691, 49.323437], [129.498145, 49.388818], [129.440723, 49.389453], [129.384668, 49.389453], [129.350098, 49.362354], [129.309863, 49.353857], [129.248438, 49.378662], [129.185156, 49.381396], [129.120117, 49.362061], [129.065137, 49.374658], [129.020313, 49.419238], [128.938281, 49.448926], [128.819336, 49.46377], [128.770313, 49.494727], [128.791016, 49.541846], [128.769043, 49.576953], [128.704004, 49.600146], [128.526758, 49.594238], [128.237109, 49.559277], [127.999609, 49.568604], [127.814258, 49.622119], [127.711133, 49.671533], [127.690137, 49.716748], [127.636719, 49.760205], [127.550781, 49.801807], [127.502441, 49.873437], [127.491797, 49.975049], [127.512305, 50.07168], [127.590234, 50.208984], [127.395313, 50.298584], [127.337207, 50.350146], [127.351172, 50.393604], [127.34082, 50.428076], [127.306055, 50.453516], [127.308203, 50.494189], [127.347168, 50.550098], [127.346875, 50.621338], [127.307031, 50.707959], [127.198242, 50.829443], [127.02041, 50.985889], [126.924805, 51.100146], [126.911523, 51.172314], [126.887695, 51.230127], [126.854395, 51.261377], [126.833789, 51.314893], [126.847754, 51.37417], [126.827344, 51.412256], [126.801758, 51.448047], [126.805469, 51.505664], [126.774512, 51.545068], [126.70918, 51.566309], [126.688672, 51.609912], [126.700781, 51.703027], [126.653711, 51.781299], [126.510547, 51.92583], [126.468066, 52.031299], [126.455566, 52.126465], [126.394824, 52.172998], [126.391504, 52.214502], [126.383496, 52.286523], [126.346289, 52.30625], [126.324219, 52.331641], [126.341699, 52.362012], [126.312891, 52.399756], [126.237598, 52.444824], [126.20293, 52.483838], [126.194434, 52.519141], [126.156641, 52.546631], [126.045898, 52.57334], [126.016016, 52.610205], [126.023242, 52.643018], [126.04707, 52.673486], [126.060156, 52.691992], [126.056055, 52.715869], [126.048145, 52.739453], [126.004297, 52.767871], [125.941602, 52.800684], [125.871875, 52.871533], [125.782813, 52.890723], [125.728125, 52.890723], [125.680762, 52.930811], [125.695312, 52.956299], [125.691699, 53.003711], [125.649023, 53.042285], [125.595996, 53.057471], [125.545996, 53.047607], [125.422461, 53.08374], [125.225586, 53.16582], [125.075, 53.203662], [124.970898, 53.197314], [124.906641, 53.172656], [124.882129, 53.129736], [124.812305, 53.133838], [124.639844, 53.210645], [124.465918, 53.229639], [124.369141, 53.270947], [124.291406, 53.340869], [124.219922, 53.370117], [124.154297, 53.358691], [123.994727, 53.405615], [123.740918, 53.510986], [123.607813, 53.546533], [123.559766, 53.52666], [123.534766, 53.526465], [123.489453, 53.529443], [123.424023, 53.530762], [123.30957, 53.555615], [123.154102, 53.54458], [122.957617, 53.497705], [122.744727, 53.468506], [122.51582, 53.456982], [122.380176, 53.4625], [122.337793, 53.48501], [122.088867, 53.451465], [121.743945, 53.383594], [121.405469, 53.317041], [120.985449, 53.28457], [120.704102, 53.171826], [120.421289, 52.968066], [120.218164, 52.839893], [120.094531, 52.787207], [120.044336, 52.718213], [120.067578, 52.63291], [120.172754, 52.60249], [120.360059, 52.627002], [120.521094, 52.615039], [120.656152, 52.56665], [120.699219, 52.493604], [120.650391, 52.395898], [120.66543, 52.299902], [120.744531, 52.205469], [120.749805, 52.096533], [120.681445, 51.973047], [120.510547, 51.848535], [120.237012, 51.722998], [120.066895, 51.600684], [119.966992, 51.422119], [119.813184, 51.267041], [119.756641, 51.179492], [119.745996, 51.107715], [119.684961, 51.030127], [119.573438, 50.946777], [119.512305, 50.863135], [119.501758, 50.779248], [119.445703, 50.702832], [119.344043, 50.633887], [119.280664, 50.560986], [119.255859, 50.48418], [119.216699, 50.43252], [119.163672, 50.406006], [119.191895, 50.379834], [119.301562, 50.353906], [119.346289, 50.278955], [119.326074, 50.154932], [119.259863, 50.066406], [119.147461, 50.013379], [118.979492, 49.978857], [118.755957, 49.962842], [118.451563, 49.844482], [118.186621, 49.692773], [117.873438, 49.513477], [117.812598, 49.513525], [117.698438, 49.53584], [117.477148, 49.609424], [117.245605, 49.624854], [117.02168, 49.692969], [116.888965, 49.737793], [116.683301, 49.823779], [116.631543, 49.877051], [116.551172, 49.920312], [116.351172, 49.978076], [116.216797, 50.009277], [116.13457, 50.010791], [115.925977, 49.952148], [115.795215, 49.905908], [115.717773, 49.880615], [115.587988, 49.886035], [115.429199, 49.896484], [115.365039, 49.911768], [115.274512, 49.948877], [115.098047, 50.059424], [115.00332, 50.138574], [114.87959, 50.183057], [114.743164, 50.233691], [114.674902, 50.245703], [114.554004, 50.241455], [114.386328, 50.255469], [114.29707, 50.274414], [114.221777, 50.257275], [114.070703, 50.204736], [113.881152, 50.101123], [113.732422, 50.061523], [113.574219, 50.007031], [113.445508, 49.941602], [113.319043, 49.874316], [113.16416, 49.797168], [113.09209, 49.692529], [113.055566, 49.61626], [112.914844, 49.569238], [112.806445, 49.523584], [112.697363, 49.507275], [112.494922, 49.532324], [112.375195, 49.5146], [112.079688, 49.424219], [111.934473, 49.416016], [111.833398, 49.403613], [111.735547, 49.397754], [111.574805, 49.376416], [111.511914, 49.360937], [111.429297, 49.342627], [111.336621, 49.355859], [111.204199, 49.304297], [110.82793, 49.166162], [110.709766, 49.142969], [110.631055, 49.137598], [110.52959, 49.187061], [110.427832, 49.219971], [110.321387, 49.215869], [110.199902, 49.17041], [109.994531, 49.205615], [109.750391, 49.239307], [109.528711, 49.269873], [109.453711, 49.296338], [109.236719, 49.334912], [108.919922, 49.335352], [108.733008, 49.335645], [108.613672, 49.322803], [108.522461, 49.341504], [108.406934, 49.396387], [108.213086, 49.524805], [108.098047, 49.562646], [108.033789, 49.593994], [108.00957, 49.646875], [107.96543, 49.653516], [107.936719, 49.691016], [107.93877, 49.740723], [107.934863, 49.849023], [107.947852, 49.924707], [107.916602, 49.947803], [107.786816, 49.96001], [107.630957, 49.983105], [107.34707, 49.98667], [107.233301, 49.989404], [107.143066, 50.033008], [107.040234, 50.086475], [106.941309, 50.19668], [106.853711, 50.248291], [106.711133, 50.312598], [106.574414, 50.328809], [106.368457, 50.317578], [106.217871, 50.30459], [106.08252, 50.332568], [105.996484, 50.36792], [105.875195, 50.405371], [105.692578, 50.41416], [105.541602, 50.44126], [105.383594, 50.47373], [105.266699, 50.460498], [105.185938, 50.42959], [105.094727, 50.389941], [104.976953, 50.38291], [104.685352, 50.341846], [104.596387, 50.317187], [104.466309, 50.306152], [104.353906, 50.275293], [104.259961, 50.214453], [104.179688, 50.169434], [104.078711, 50.154248], [103.958496, 50.157275], [103.856152, 50.171826], [103.802637, 50.176074], [103.723242, 50.153857], [103.63291, 50.138574], [103.496289, 50.164941], [103.421191, 50.187061], [103.304395, 50.200293], [103.233789, 50.264258], [103.161719, 50.290723], [103.039453, 50.300635], [102.859668, 50.333252], [102.76543, 50.366553], [102.683301, 50.387158], [102.546289, 50.461328], [102.469434, 50.525684], [102.406836, 50.536182], [102.336426, 50.544238], [102.288379, 50.585107], [102.285742, 50.634668], [102.30332, 50.665527], [102.316602, 50.718457], [102.276563, 50.768701], [102.235059, 50.791211], [102.215039, 50.829443], [102.226172, 50.901465], [102.210254, 50.974316], [102.194531, 51.050684], [102.151953, 51.10752], [102.142383, 51.216064], [102.160059, 51.26084], [102.155664, 51.31377], [102.111523, 51.353467], [101.979199, 51.382227], [101.821191, 51.421045], [101.570898, 51.467187], [101.464355, 51.471484], [101.38125, 51.452637], [101.304492, 51.474756], [101.223242, 51.513281], [101.085352, 51.553027], [100.903613, 51.604248], [100.710742, 51.661572], [100.53623, 51.713477], [100.468945, 51.726074], [100.230371, 51.729834], [100.03457, 51.737109], [99.92168, 51.755518], [99.787891, 51.827539], [99.719238, 51.871631], [99.612891, 51.892529], [99.532324, 51.899902], [99.407031, 51.923535], [99.176172, 51.998877], [99.091406, 52.034863], [99.034277, 52.0354], [98.958105, 52.101709], [98.893164, 52.117285], [98.848633, 52.070068], [98.802539, 51.957471], [98.760156, 51.905078], [98.640527, 51.801172], [98.352734, 51.717627], [98.303125, 51.674268], [98.276855, 51.63457], [98.2375, 51.578418], [98.219922, 51.505615], [98.184668, 51.485742], [98.103125, 51.483545], [98.037598, 51.449951], [97.98916, 51.377051], [97.946875, 51.348437], [97.923242, 51.280469], [97.927344, 51.250732], [97.917871, 51.217871], [97.91084, 51.165186], [97.835742, 51.05166], [97.825293, 50.985254], [97.856152, 50.943359], [97.919824, 50.887158], [97.953125, 50.855176], [97.96416, 50.817676], [97.961914, 50.769141], [98.001172, 50.702051], [98.029785, 50.644629], [98.078906, 50.603809], [98.14502, 50.568555], [98.220508, 50.557178], [98.279492, 50.533252], [98.292676, 50.486963], [98.277344, 50.422998], [98.250293, 50.302441], [98.2, 50.227686], [98.170117, 50.180566], [98.121973, 50.106592], [98.103418, 50.077832], [98.003906, 50.014258], [97.936621, 49.996777], [97.853906, 49.946777], [97.785547, 49.944531], [97.720703, 49.944629], [97.650977, 49.933594], [97.589355, 49.911475], [97.54082, 49.843115], [97.418359, 49.773047], [97.359766, 49.741455], [97.208594, 49.730811], [97.136914, 49.761719], [97.097656, 49.805029], [97.049121, 49.829883], [96.985742, 49.882812], [96.711719, 49.911572], [96.640234, 49.897852], [96.598437, 49.878418], [96.543262, 49.892529], [96.505762, 49.918701], [96.466406, 49.911523], [96.381152, 49.896045], [96.315039, 49.901123], [96.229688, 49.954102], [96.111719, 49.982471], [96.065527, 49.99873], [96.018555, 49.998779], [95.989551, 49.973584], [95.935742, 49.96001], [95.899414, 49.990576], [95.851953, 50.012939], [95.789355, 50.0125], [95.707812, 49.966016], [95.567187, 49.943848], [95.522656, 49.91123], [95.441797, 49.915527], [95.385645, 49.941211], [95.329492, 49.944141], [95.166211, 49.943848], [95.111426, 49.935449], [95.044336, 49.961572], [95.012891, 50.008252], [94.930273, 50.04375], [94.81123, 50.048193], [94.718066, 50.043262], [94.675488, 50.028076], [94.614746, 50.02373], [94.564648, 50.087939], [94.496875, 50.132812], [94.458496, 50.165723], [94.400195, 50.179639], [94.354688, 50.221826], [94.346875, 50.303418], [94.319336, 50.404883], [94.287012, 50.511377], [94.251074, 50.556396], [94.075781, 50.572852], [93.989844, 50.568848], [93.79541, 50.577637], [93.662012, 50.583691], [93.625586, 50.585547], [93.501074, 50.597461], [93.386816, 50.608496], [93.270508, 50.615576], [93.222559, 50.606543], [93.103125, 50.603906], [93.009863, 50.654541], [92.970703, 50.7125], [92.963574, 50.744922], [92.941309, 50.778223], [92.856445, 50.789111], [92.779297, 50.778662], [92.738672, 50.710938], [92.681348, 50.683203], [92.62666, 50.688281], [92.578906, 50.725439], [92.486426, 50.765088], [92.426367, 50.803076], [92.354785, 50.86416], [92.295801, 50.849805], [92.279004, 50.812207], [92.265332, 50.775195], [92.192383, 50.700586], [92.104004, 50.691992], [91.956543, 50.697607], [91.804297, 50.693604], [91.706348, 50.665527], [91.63418, 50.615137], [91.596875, 50.575537], [91.52168, 50.562012], [91.446484, 50.522168], [91.415039, 50.468018], [91.34082, 50.470068], [91.300586, 50.463379], [91.233789, 50.452393], [91.062793, 50.422607], [91.021582, 50.415479], [90.917188, 50.36416], [90.838086, 50.32373], [90.760742, 50.305957], [90.714355, 50.259424], [90.655078, 50.222363], [90.516895, 50.21333], [90.364844, 50.166895], [90.311328, 50.151172], [90.224512, 50.116699], [90.103711, 50.10332], [90.053711, 50.09375], [90.00498, 50.069287], [89.977344, 49.984326], [89.878027, 49.953516], [89.744238, 49.948096], [89.643848, 49.903027], [89.634277, 49.823291], [89.669531, 49.750488], [89.654102, 49.71748], [89.579199, 49.699707], [89.475, 49.660547], [89.395605, 49.611523], [89.299219, 49.611133], [89.243945, 49.627051], [89.20293, 49.595703], [89.17998, 49.532227], [89.109473, 49.501367], [89.008398, 49.472803], [88.970605, 49.48374], [88.94541, 49.507666], [88.900195, 49.539697], [88.863867, 49.527637], [88.860352, 49.481543], [88.831641, 49.448437], [88.747852, 49.44624], [88.682715, 49.464551], [88.633203, 49.486133], [88.544336, 49.482568], [88.452441, 49.472705], [88.393359, 49.482861], [88.337793, 49.472559], [88.192578, 49.451709], [88.135547, 49.381494], [88.134277, 49.298437], [88.115723, 49.256299], [88.028516, 49.219775], [87.988086, 49.186914], [87.934766, 49.164551], [87.818262, 49.162109], [87.814258, 49.162305], [87.7625, 49.16582], [87.668359, 49.147217], [87.576563, 49.132373], [87.51582, 49.122412], [87.476172, 49.091455], [87.416699, 49.076611], [87.322852, 49.085791], [87.296875, 49.147656], [87.233691, 49.216162], [87.148047, 49.239795], [87.070605, 49.25459], [87.000977, 49.287305], [86.95293, 49.32207], [86.812109, 49.487891], [86.714355, 49.558594], [86.626465, 49.562695], [86.614258, 49.609717], [86.665332, 49.656689], [86.730664, 49.695557], [86.728711, 49.748682], [86.675488, 49.777295], [86.610156, 49.769141], [86.522266, 49.707764], [86.417969, 49.638477], [86.292383, 49.5875], [86.242188, 49.546338], [86.180859, 49.499316], [86.092969, 49.505469], [86.02959, 49.503418], [85.974414, 49.499316], [85.933594, 49.550439], [85.880469, 49.556543], [85.498438, 49.605371], [85.371582, 49.623926], [85.291895, 49.599463], [85.232617, 49.61582], [85.210156, 49.664844], [85.136523, 49.750732], [85.076465, 49.821631], [85.000781, 49.894141], [84.975195, 49.951074], [84.999707, 50.010303], [84.989453, 50.061426], [84.924023, 50.087988], [84.838965, 50.091309], [84.607324, 50.202393], [84.499023, 50.21875], [84.400977, 50.23916], [84.323242, 50.23916], [84.257812, 50.288232], [84.194531, 50.437451], [84.175977, 50.520557], [84.099316, 50.604736], [84.002344, 50.676855], [83.945117, 50.774658], [83.859766, 50.818018], [83.717773, 50.887158], [83.581445, 50.935742], [83.357324, 50.99458], [83.27373, 50.99458], [83.160254, 50.989209], [83.092773, 50.960596], [83.019238, 50.897266], [82.919043, 50.893115], [82.76084, 50.893359], [82.718555, 50.869482], [82.692969, 50.826318], [82.611719, 50.771484], [82.493945, 50.727588], [82.326367, 50.741895], [82.211914, 50.719434], [82.098047, 50.71084], [81.933691, 50.766357], [81.752051, 50.764404], [81.633887, 50.739111], [81.465918, 50.739844], [81.431445, 50.771143], [81.451563, 50.823682], [81.437695, 50.871045], [81.410156, 50.909766], [81.388281, 50.956494], [81.319141, 50.966406], [81.124609, 50.946289], [81.071484, 50.96875], [81.077539, 51.014941], [81.112402, 51.072363], [81.141016, 51.146582], [81.127246, 51.191064], [81.026758, 51.185693], [80.965625, 51.189795], [80.934082, 51.242773], [80.877344, 51.281445], [80.813086, 51.283496], [80.735254, 51.293408], [80.650488, 51.277344], [80.605469, 51.224219], [80.550684, 51.216602], [80.491016, 51.201758], [80.448047, 51.18335], [80.421484, 51.136377], [80.433594, 51.092627], [80.452246, 50.997607], [80.423633, 50.946289], [80.345215, 50.919092], [80.27041, 50.924609], [80.220215, 50.911768], [80.127246, 50.85835], [80.086328, 50.83999], [80.07207, 50.807275], [80.065918, 50.758203], [79.98623, 50.774561], [79.859668, 50.955469], [79.716406, 51.16001], [79.554297, 51.377979], [79.468848, 51.493115], [79.14873, 51.868115], [78.99209, 52.047412], [78.721484, 52.357031], [78.475488, 52.638428], [78.198047, 52.929688], [78.033496, 53.094971], [77.859961, 53.269189], [77.799414, 53.317432], [77.704395, 53.37915], [77.469238, 53.498779], [77.132422, 53.670117], [76.820703, 53.822656], [76.575684, 53.942529], [76.513086, 53.993213], [76.484766, 54.022559], [76.458594, 54.055273], [76.42207, 54.113525], [76.42168, 54.151514], [76.65459, 54.145264], [76.703027, 54.182471], [76.788965, 54.321875], [76.837305, 54.442383], [76.759375, 54.436865], [76.615527, 54.387109], [76.53916, 54.351074], [76.496484, 54.335693], [76.266602, 54.311963], [76.140527, 54.258545], [75.880664, 54.167969], [75.692871, 54.114795], [75.656836, 54.106006], [75.437207, 54.089648], [75.398145, 54.068506], [75.392383, 54.021729], [75.377051, 53.970117], [75.220215, 53.893799], [75.052148, 53.826709], [74.988965, 53.819238], [74.886816, 53.834033], [74.83418, 53.825684], [74.681445, 53.754395], [74.451953, 53.647266], [74.430469, 53.603711], [74.429297, 53.550732], [74.402734, 53.504443], [74.351562, 53.487646], [74.277344, 53.527734], [74.209961, 53.576465], [74.068652, 53.611426], [73.858984, 53.619727], [73.731152, 53.602783], [73.642969, 53.57627], [73.469922, 53.468896], [73.406934, 53.447559], [73.371875, 53.454395], [73.361914, 53.506201], [73.326855, 53.543164], [73.285742, 53.598389], [73.305664, 53.707227], [73.399414, 53.811475], [73.554199, 53.868311], [73.678906, 53.929443], [73.715527, 53.996191], [73.712402, 54.042383], [73.666406, 54.063477], [73.617969, 54.067383], [73.589941, 54.044971], [73.505664, 53.999316], [73.380664, 53.962842], [73.276563, 53.955615], [73.229883, 53.957812], [73.119336, 53.980762], [72.914062, 54.107324], [72.741016, 54.124512], [72.622266, 54.134326], [72.582715, 54.121582], [72.564258, 54.09043], [72.575586, 54.056494], [72.599219, 54.023047], [72.585938, 53.995947], [72.530273, 53.975781], [72.446777, 53.941846], [72.404297, 53.964453], [72.383008, 54.053662], [72.387305, 54.123047], [72.329492, 54.181445], [72.269141, 54.272119], [72.186035, 54.325635], [72.105371, 54.308447], [72.065625, 54.231641], [72.004492, 54.205664], [71.887402, 54.221484], [71.677148, 54.178027], [71.336426, 54.15835], [71.093164, 54.212207], [71.052734, 54.260498], [71.152148, 54.364062], [71.159766, 54.45542], [71.15918, 54.538623], [71.185547, 54.599316], [71.12627, 54.715039], [70.991797, 54.950488], [70.910156, 55.127979], [70.790332, 55.261133], [70.738086, 55.305176], [70.486328, 55.282373], [70.417188, 55.253174], [70.371484, 55.212256], [70.293359, 55.183594], [70.182422, 55.162451], [70.087402, 55.176758], [69.981738, 55.199072], [69.870215, 55.245654], [69.740234, 55.307373], [69.493262, 55.356885], [69.246973, 55.37251], [68.977246, 55.3896], [68.842969, 55.35835], [68.712891, 55.308496], [68.524805, 55.204834], [68.438477, 55.194434], [68.301953, 55.186523], [68.20625, 55.160937], [68.225293, 55.115234], [68.244043, 55.052441], [68.209375, 55.003027], [68.155859, 54.976709], [68.073828, 54.95957], [67.939941, 54.953711], [67.829883, 54.943555], [67.693359, 54.872412], [67.484668, 54.854492], [67.257324, 54.828809], [67.09834, 54.788184], [66.754492, 54.737891], [66.555371, 54.71543], [66.222656, 54.667383], [65.954688, 54.659521], [65.914258, 54.693311], [65.707813, 54.618701], [65.476953, 54.623291], [65.434375, 54.593311], [65.378125, 54.564453], [65.315918, 54.551562], [65.237402, 54.516064], [65.192188, 54.441113], [65.157813, 54.364404], [65.088379, 54.340186], [64.99541, 54.36875], [64.926758, 54.396631], [64.809277, 54.368555], [64.649902, 54.352246], [64.525098, 54.362158], [64.46123, 54.38418], [64.199414, 54.347412], [64.062891, 54.30293], [64.037402, 54.279736], [64.003906, 54.26709], [63.84707, 54.236475], [63.721191, 54.24502], [63.701367, 54.243213], [63.582031, 54.221924], [63.413672, 54.183203], [63.292676, 54.170459], [63.191309, 54.171045], [63.126563, 54.139258], [63.073926, 54.105225], [62.632715, 54.069287], [62.588281, 54.044434], [62.499023, 54.013184], [62.040234, 54.002637], [62.002344, 53.979932], [61.985645, 53.954395], [61.928711, 53.946484], [61.598145, 53.994922], [61.333691, 54.049268], [61.231055, 54.019482], [61.14375, 53.963818], [61.113184, 53.882471], [61.113184, 53.812988], [61.113184, 53.753467], [61.073535, 53.710449], [60.985547, 53.657422], [60.979492, 53.621729], [61.098535, 53.583105], [61.247949, 53.550977], [61.336133, 53.565186], [61.409961, 53.587061], [61.474121, 53.580273], [61.519141, 53.554492], [61.534961, 53.523291], [61.526563, 53.501562], [61.498535, 53.484668], [61.400977, 53.455811], [61.311621, 53.465723], [61.228906, 53.445898], [61.185938, 53.406201], [61.162793, 53.336768], [61.199219, 53.287158], [61.310938, 53.275195], [61.436816, 53.239404], [61.576172, 53.222461], [61.659863, 53.228467], [61.766211, 53.173926], [62.014648, 53.107861], [62.081055, 53.057422], [62.082715, 53.00542], [62.037109, 52.966113], [61.974219, 52.94375], [61.888574, 52.955908], [61.719336, 52.969385], [61.533594, 52.978516], [61.400781, 52.995996], [61.206934, 52.989062], [61.047461, 52.972461], [61.006543, 52.93335], [60.944727, 52.860156], [60.893262, 52.819434], [60.802344, 52.744727], [60.774414, 52.675781], [60.821289, 52.569824], [60.979492, 52.394775], [60.994531, 52.336865], [60.937598, 52.280566], [60.828418, 52.233398], [60.670313, 52.15083], [60.499316, 52.146338], [60.425488, 52.125586], [60.233691, 52.024512], [60.065527, 51.976465], [60.030273, 51.933252], [60.06748, 51.890625], [60.280371, 51.834619], [60.3875, 51.772998], [60.418359, 51.703906], [60.464746, 51.651172], [60.630371, 51.616943], [60.973535, 51.537061], [60.993359, 51.528711], [61.014844, 51.492383], [61.363086, 51.441895], [61.411328, 51.414746], [61.554688, 51.324609], [61.585059, 51.229687], [61.512207, 51.137012], [61.465039, 50.990234], [61.389453, 50.861035], [61.226855, 50.774805], [60.942285, 50.695508], [60.637988, 50.663721], [60.508496, 50.669189], [60.424805, 50.67915], [60.288086, 50.70415], [60.186719, 50.769775], [60.112109, 50.83418], [60.058594, 50.850293], [60.005273, 50.839697], [59.955176, 50.799268], [59.887793, 50.690186], [59.812402, 50.582031], [59.751172, 50.543945], [59.523047, 50.492871], [59.497852, 50.511084], [59.523926, 50.582812], [59.495117, 50.604297], [59.452344, 50.62041], [59.170898, 50.6479], [59.064355, 50.668213], [58.984863, 50.676123], [58.883691, 50.694434], [58.814063, 50.737207], [58.664551, 50.868311], [58.547461, 50.971045], [58.35918, 51.063818], [58.188477, 51.081738], [58.174707, 51.072266], [58.045117, 51.068848], [57.838867, 51.09165], [57.828906, 51.089014], [57.764844, 51.046875], [57.716992, 50.980957], [57.653809, 50.925146], [57.557813, 50.895557], [57.442188, 50.888867], [57.3125, 50.946533], [57.179004, 51.036035], [57.011719, 51.065186], [56.849609, 51.045557], [56.790332, 51.031592], [56.620215, 50.980859], [56.566895, 51.004492], [56.491406, 51.019531], [56.325586, 50.936084], [56.143945, 50.844629], [56.104492, 50.77627], [56.049707, 50.713525], [55.929199, 50.65376], [55.797656, 50.602051], [55.68623, 50.582861], [55.542285, 50.601807], [55.361133, 50.665283], [55.195215, 50.744727], [55.014844, 50.869775], [54.867969, 50.941357], [54.727148, 50.998096], [54.641602, 51.011572], [54.572949, 50.990234], [54.546094, 50.946045], [54.565625, 50.911279], [54.60625, 50.879883], [54.637891, 50.781055], [54.65, 50.660156], [54.636133, 50.591602], [54.596191, 50.550684], [54.555273, 50.535791], [54.517383, 50.541162], [54.471484, 50.583789], [54.443359, 50.673926], [54.421484, 50.780322], [54.297852, 50.914062], [54.191113, 50.995703], [54.139746, 51.040771], [54.041504, 51.115186], [53.956836, 51.161182], [53.776465, 51.213721], [53.688086, 51.251807], [53.534668, 51.399561], [53.448633, 51.444531], [53.338086, 51.482373], [53.247266, 51.493604], [53.227344, 51.484961], [53.038379, 51.463721], [52.902637, 51.466943], [52.820508, 51.49458], [52.735059, 51.4979], [52.728125, 51.498145], [52.635156, 51.479541], [52.617773, 51.480762], [52.571191, 51.481641], [52.496191, 51.512158], [52.423047, 51.594238], [52.331055, 51.681299], [52.219141, 51.709375], [52.007129, 51.672705], [51.775391, 51.554248], [51.609082, 51.483984], [51.473438, 51.482031], [51.395996, 51.471289], [51.344531, 51.475342], [51.301074, 51.497412], [51.290723, 51.540186], [51.269922, 51.594482], [51.163477, 51.647461], [51.017871, 51.681641], [50.882422, 51.719189], [50.793945, 51.729199], [50.756152, 51.675146], [50.643945, 51.58916], [50.516309, 51.505615], [50.353711, 51.369727], [50.309277, 51.321582], [50.246875, 51.289502], [50.104883, 51.25459], [49.932324, 51.197168], [49.822266, 51.131885], [49.666309, 51.102295], [49.498047, 51.083594], [49.424609, 51.027002], [49.379492, 50.934668], [49.323438, 50.851709], [49.058691, 50.726074], [48.91377, 50.64458], [48.808398, 50.601318], [48.734766, 50.606885], [48.655176, 50.619873], [48.625098, 50.612695], [48.666016, 50.550342], [48.700488, 50.35376], [48.749414, 50.228467], [48.784766, 50.156445], [48.817969, 50.099854], [48.843262, 50.013135], [48.810254, 49.962402], [48.758984, 49.92832], [48.6, 49.874707], [48.434277, 49.828516], [48.334961, 49.858252], [48.224805, 49.931934], [48.181348, 49.97002], [48.060742, 50.093604], [47.849609, 50.282324], [47.705762, 50.377979], [47.599609, 50.413574], [47.503613, 50.402734], [47.429199, 50.357959], [47.376367, 50.318115], [47.326465, 50.273535], [47.294727, 50.21748], [47.297656, 50.140234], [47.295215, 50.058496], [47.24834, 50.000879], [47.12959, 49.939062], [46.991992, 49.852734], [46.889551, 49.696973], [46.823145, 49.502246], [46.802051, 49.36709], [46.85293, 49.303857], [46.953418, 49.252588], [47.018164, 49.199902], [47.031348, 49.150293], [47.014258, 49.09834], [46.962207, 49.03833], [46.85293, 48.969629], [46.702637, 48.805566], [46.60918, 48.573877], [46.660938, 48.412256], [46.853125, 48.323584], [47.004297, 48.284473], [47.064648, 48.232471], [47.119043, 48.127002], [47.111523, 48.020117], [47.093262, 47.947705], [47.130762, 47.876758], [47.202051, 47.79248], [47.292383, 47.740918], [47.387305, 47.768652], [47.481934, 47.803906], [47.600195, 47.78999], [47.934668, 47.760693], [48.109961, 47.74541], [48.166992, 47.708789], [48.275684, 47.589941], [48.413086, 47.456494], [48.552539, 47.320996], [48.600684, 47.262305], [48.714355, 47.100488], [48.831836, 46.954932], [48.959375, 46.774609], [48.950293, 46.725781], [48.883594, 46.70542], [48.776367, 46.710352], [48.693555, 46.736816], [48.64707, 46.758691], [48.605273, 46.765918], [48.558398, 46.757129], [48.518555, 46.734326], [48.502344, 46.698633], [48.50918, 46.649951], [48.541211, 46.605615], [48.586035, 46.5771], [48.610156, 46.566455], [48.774316, 46.507959], [48.958984, 46.442139], [49.184277, 46.348828], [49.232227, 46.337158], [49.245898, 46.291602], [49.125488, 46.281738], [49.110645, 46.228467], [49.07959, 46.189209], [48.809961, 46.100488], [48.742578, 46.100732], [48.683691, 46.086182], [48.687305, 46.02876], [48.703418, 45.976221], [48.749609, 45.920557], [48.72959, 45.896826], [48.689648, 45.888867], [48.637402, 45.905762], [48.589063, 45.934863], [48.537305, 45.942139], [48.487012, 45.934863], [48.257617, 45.777783], [48.15918, 45.737012], [48.052832, 45.720996], [47.830176, 45.663037], [47.763965, 45.665967], [47.701074, 45.686182], [47.649805, 45.656738], [47.633301, 45.584033], [47.574023, 45.634277], [47.508398, 45.67417], [47.479395, 45.687598], [47.463281, 45.679688], [47.524219, 45.601709], [47.529492, 45.530225], [47.514551, 45.490918], [47.488672, 45.455078], [47.454492, 45.433057], [47.413086, 45.421045], [47.391113, 45.294775], [47.35127, 45.217725], [47.296191, 45.149463], [47.221484, 45.024268], [47.161523, 44.969629], [47.114746, 44.905957], [47.083789, 44.816992], [47.039258, 44.837891], [47.00293, 44.876074], [46.983691, 44.825586], [46.957422, 44.782568], [46.841211, 44.718262], [46.755273, 44.656543], [46.716113, 44.560693], [46.707227, 44.50332], [46.720898, 44.45166], [46.753027, 44.420654], [46.915723, 44.387158], [47.023633, 44.343262], [47.122656, 44.26167], [47.229883, 44.192383], [47.307031, 44.103125], [47.361523, 43.993359], [47.429199, 43.779883], [47.462793, 43.555029], [47.562598, 43.834668], [47.646484, 43.884619], [47.627832, 43.805957], [47.567969, 43.684961], [47.508984, 43.509717], [47.489844, 43.381689], [47.511621, 43.270752], [47.512891, 43.21875], [47.463184, 43.035059], [47.488867, 42.999756], [47.529004, 42.967139], [47.634863, 42.903467], [47.709082, 42.810937], [47.727734, 42.680713], [47.769727, 42.644775], [47.822363, 42.613477], [48.080176, 42.353711], [48.228613, 42.180957], [48.303027, 42.080225], [48.383789, 41.953418], [48.426367, 41.923975], [48.476758, 41.905127], [48.572852, 41.844482], [48.518652, 41.779346], [48.430664, 41.66333], [48.391406, 41.601904], [48.298145, 41.54502], [48.142285, 41.484766], [48.056055, 41.458691], [47.963672, 41.333984], [47.861133, 41.212744], [47.791016, 41.199268], [47.591797, 41.218115], [47.520605, 41.229053], [47.317676, 41.282422], [47.261133, 41.315088], [47.205273, 41.455615], [47.142578, 41.516064], [47.063965, 41.554688], [47.010156, 41.5875], [46.987793, 41.621387], [46.930859, 41.67041], [46.825586, 41.743408], [46.749316, 41.812598], [46.690332, 41.831348], [46.616016, 41.806934], [46.571289, 41.800098], [46.552148, 41.812305], [46.537695, 41.87041], [46.429883, 41.890967], [46.411523, 41.904639], [46.267773, 41.960352], [46.212695, 41.989893], [46.159766, 41.992041], [46.048438, 42.00874], [45.954004, 42.0354], [45.910352, 42.070703], [45.845996, 42.109961], [45.726562, 42.158887], [45.638574, 42.205078], [45.634277, 42.234717], [45.688379, 42.357373], [45.727539, 42.475049], [45.705273, 42.498096], [45.655566, 42.517676], [45.562891, 42.535742], [45.34375, 42.529785], [45.208203, 42.648242], [45.160254, 42.675], [45.071582, 42.694141], [44.943359, 42.730273], [44.870996, 42.756396], [44.850488, 42.746826], [44.771094, 42.616797], [44.691797, 42.709619], [44.644336, 42.734717], [44.576465, 42.748486], [44.505859, 42.748633], [44.329492, 42.703516], [44.199707, 42.653613], [44.102734, 42.616357], [44.004688, 42.595605], [43.957422, 42.566553], [43.825977, 42.571533], [43.759863, 42.593848], [43.738379, 42.616992], [43.749902, 42.65752], [43.79541, 42.702979], [43.79873, 42.727783], [43.782617, 42.747021], [43.623047, 42.807715], [43.557813, 42.844482], [43.347949, 42.89668], [43.08916, 42.989062], [43.000195, 43.049658], [42.991602, 43.091504], [42.890039, 43.132617], [42.760645, 43.16958], [42.660254, 43.159082], [42.566016, 43.155127], [42.419043, 43.224219], [42.279688, 43.228076], [42.122266, 43.207324], [42.087793, 43.199121], [42.05, 43.190137], [41.580566, 43.219238], [41.460742, 43.276318], [41.358203, 43.333398], [41.083105, 43.374463], [40.941992, 43.418066], [40.80166, 43.479932], [40.648047, 43.533887], [40.518945, 43.512012], [40.342285, 43.542725], [40.150195, 43.569775], [40.08457, 43.553125], [40.02373, 43.484863], [39.97832, 43.419824], [39.873633, 43.472803], [39.516699, 43.727881], [39.329395, 43.897266], [38.717285, 44.288086], [38.63584, 44.318018], [38.311816, 44.374463], [38.18125, 44.419678], [37.851465, 44.698828], [37.704883, 44.661377], [37.572461, 44.67085], [37.495117, 44.695264], [37.411328, 44.735352], [37.352344, 44.788379], [37.284082, 44.905029], [37.204785, 44.971973], [36.944434, 45.06958], [36.650781, 45.126465], [36.627637, 45.151318], [36.619141, 45.185498], [36.873047, 45.251758], [36.941211, 45.289697], [36.811035, 45.340039], [36.761621, 45.34834], [36.72041, 45.371875], [36.79375, 45.409717], [36.865918, 45.427051], [36.977832, 45.383594], [37.103516, 45.302881], [37.213574, 45.272314], [37.264258, 45.310937], [37.647168, 45.377197], [37.672949, 45.429736], [37.671875, 45.488379], [37.634375, 45.486328], [37.609961, 45.499512], [37.612402, 45.564697], [37.669238, 45.654053], [37.840918, 45.799561], [37.933105, 46.001709], [38.014258, 46.047754], [38.073828, 46.01709], [38.069727, 45.969873], [38.07959, 45.934814], [38.132812, 46.002832], [38.183594, 46.094824], [38.311816, 46.095361], [38.400391, 46.080029], [38.492285, 46.090527], [38.315234, 46.241943], [38.077734, 46.394336], [37.977539, 46.382861], [37.913867, 46.406494], [37.80957, 46.53208], [37.766504, 46.636133], [37.867383, 46.633789], [37.967969, 46.618018], [38.159473, 46.690674], [38.22998, 46.70127], [38.343457, 46.67832], [38.500977, 46.663672], [38.487988, 46.732178], [38.438672, 46.813086], [38.630762, 46.873047], [38.801074, 46.906152], [39.126758, 47.023438], [39.270703, 47.044141], [39.289062, 47.070898], [39.293457, 47.105762], [39.244531, 47.199512], [39.195703, 47.268848], [39.02373, 47.272217], [38.92832, 47.175684], [38.668164, 47.143945], [38.552441, 47.150342], [38.644336, 47.212207], [38.736035, 47.23584], [38.761914, 47.261621], [38.577246, 47.239111], [38.484766, 47.175537], [38.214355, 47.091455], [38.205859, 47.135596], [38.201367, 47.175244], [38.221191, 47.212744], [38.265332, 47.236963], [38.280762, 47.259033], [38.280762, 47.27666], [38.241016, 47.287695], [38.208008, 47.296533], [38.201367, 47.320801], [38.212402, 47.342773], [38.243262, 47.373682], [38.256543, 47.408936], [38.258789, 47.479541], [38.287402, 47.55918], [38.368848, 47.609961], [38.510938, 47.622412], [38.640625, 47.665918], [38.718945, 47.714111], [38.822266, 47.837012], [38.900293, 47.855127], [39.057813, 47.848486], [39.158496, 47.837402], [39.391016, 47.83374], [39.658496, 47.841211], [39.735938, 47.844824], [39.778711, 47.887549], [39.775781, 47.964453], [39.813965, 48.035303], [39.885059, 48.168359], [39.961035, 48.237939], [39.95791, 48.268896], [39.918164, 48.281934], [39.866309, 48.288428], [39.847461, 48.302783], [39.849902, 48.331934], [39.889844, 48.360449], [39.882617, 48.419092], [39.85752, 48.484229], [39.835645, 48.542773], [39.76543, 48.571875], [39.644727, 48.591211], [39.67041, 48.662451], [39.70459, 48.739355], [39.755859, 48.78208], [39.792871, 48.807715], [39.904102, 48.79375], [39.984473, 48.807373], [40.003613, 48.82207], [39.98916, 48.851416], [39.86377, 48.877979], [39.75332, 48.914453], [39.705664, 48.95957], [39.686523, 49.00791], [39.759473, 49.036572], [39.889746, 49.064062], [39.976367, 49.129834], [40.07002, 49.200293], [40.108789, 49.251562], [40.12832, 49.307227], [40.126172, 49.368848], [40.057813, 49.431543], [40.057813, 49.49707], [40.094922, 49.542676], [40.080664, 49.576855], [40.030664, 49.596729], [39.958496, 49.590771], [39.876855, 49.567676], [39.780566, 49.572021], [39.626563, 49.650684], [39.462793, 49.728027], [39.368457, 49.730664], [39.30293, 49.742041], [39.245996, 49.781934], [39.211816, 49.833203], [39.174805, 49.855957], [39.114941, 49.841748], [39.027734, 49.818408], [38.918359, 49.824707], [38.77666, 49.884326], [38.647754, 49.952881], [38.551953, 49.95459], [38.451172, 49.964062], [38.258594, 50.052344], [38.208691, 50.051465], [38.177539, 50.025391], [38.162695, 49.954541], [38.146777, 49.939404], [38.1125, 49.927832], [38.046875, 49.92002], [37.950293, 49.964209], [37.704199, 50.109082], [37.605078, 50.214941], [37.582324, 50.291846], [37.501367, 50.340723], [37.422852, 50.411475], [37.343164, 50.417627], [37.254883, 50.394971], [37.171094, 50.360889], [37.13125, 50.351514], [36.988477, 50.339551], [36.759082, 50.291846], [36.696387, 50.24624], [36.619434, 50.209229], [36.559668, 50.234863], [36.499805, 50.280469], [36.368848, 50.296826], [36.306055, 50.280469], [36.243359, 50.311768], [36.189453, 50.367822], [36.116406, 50.408545], [36.007812, 50.419678], [35.890234, 50.437109], [35.796191, 50.405762], [35.67373, 50.345996], [35.591113, 50.36875], [35.545508, 50.43999], [35.488477, 50.459912], [35.411621, 50.539697], [35.391699, 50.610937], [35.411621, 50.642236], [35.440137, 50.68208], [35.440137, 50.727686], [35.417383, 50.767578], [35.383203, 50.798926], [35.346094, 50.904297], [35.314746, 50.949902], [35.309082, 50.986914], [35.334766, 51.021143], [35.311914, 51.043896], [35.269141, 51.046777], [35.198047, 51.043896], [35.158105, 51.060986], [35.115332, 51.12085], [35.092578, 51.180664], [35.064063, 51.203418], [34.990234, 51.201758], [34.868555, 51.189209], [34.760352, 51.169336], [34.712305, 51.172217], [34.616797, 51.203125], [34.491016, 51.237061], [34.23418, 51.243799], [34.213867, 51.255371], [34.228418, 51.276855], [34.280664, 51.31167], [34.275, 51.340186], [34.229883, 51.363232], [34.206543, 51.419922], [34.209277, 51.484082], [34.200879, 51.553809], [34.146777, 51.607959], [34.11543, 51.644971], [34.121094, 51.67915], [34.23916, 51.692236], [34.379297, 51.716504], [34.402734, 51.741504], [34.397852, 51.78042], [34.113086, 51.979639], [34.015332, 52.155957], [33.92207, 52.251465], [33.818848, 52.315625], [33.735254, 52.344775], [33.613379, 52.332617], [33.451855, 52.333789], [33.287109, 52.353564], [33.148438, 52.34043], [32.899707, 52.256348], [32.806445, 52.252637], [32.64541, 52.279102], [32.50791, 52.308545], [32.435449, 52.307227], [32.391309, 52.294824], [32.362988, 52.272119], [32.282813, 52.114014], [32.216797, 52.082959], [32.122266, 52.050586], [32.041602, 52.04502], [31.973828, 52.046631], [31.875586, 52.070898], [31.782422, 52.099414], [31.763379, 52.101074], [31.758594, 52.12583], [31.690625, 52.220654], [31.649902, 52.262207], [31.601562, 52.284814], [31.577344, 52.312305], [31.576563, 52.426025], [31.585547, 52.532471], [31.615918, 52.546191], [31.526172, 52.633008], [31.519434, 52.69873], [31.563477, 52.731445], [31.564844, 52.759229], [31.535156, 52.798242], [31.442773, 52.861816], [31.353027, 52.933447], [31.295117, 52.989795], [31.258789, 53.016699], [31.30293, 53.060889], [31.364551, 53.138965], [31.388379, 53.184814], [31.417871, 53.196045], [31.562988, 53.20249], [31.668262, 53.200928], [31.747461, 53.18418], [31.777441, 53.146875], [31.849707, 53.106201], [32.055469, 53.089453], [32.141992, 53.091162], [32.250684, 53.128369], [32.42627, 53.210596], [32.469336, 53.270312], [32.578027, 53.312402], [32.644434, 53.328906], [32.704297, 53.336328], [32.710254, 53.371436], [32.706445, 53.419434], [32.685742, 53.448145], [32.469629, 53.546973], [32.442383, 53.579248], [32.425195, 53.617285], [32.450977, 53.65332], [32.450195, 53.69292], [32.200391, 53.78125], [31.992188, 53.796875], [31.820801, 53.791943], [31.754199, 53.810449], [31.783008, 53.85498], [31.825293, 53.93501], [31.837793, 54.000781], [31.825977, 54.030713], [31.791992, 54.055908], [31.628418, 54.111182], [31.403613, 54.195947], [31.299121, 54.291699], [31.245508, 54.39165], [31.184766, 54.452979], [31.074805, 54.491797], [31.081934, 54.51709], [31.154883, 54.610937], [31.152148, 54.625342], [31.121289, 54.648486], [30.98418, 54.695898], [30.798828, 54.783252], [30.791016, 54.806006], [30.804492, 54.860937], [30.829883, 54.91499], [30.866797, 54.940723], [30.977734, 55.050488], [30.977734, 55.087793], [30.958887, 55.137598], [30.877441, 55.223437], [30.814453, 55.278711], [30.810547, 55.306982], [30.820996, 55.330273], [30.861816, 55.3604], [30.900586, 55.397412], [30.908789, 55.525342], [30.906836, 55.57002], [30.882227, 55.596387], [30.855957, 55.60752], [30.800781, 55.601123], [30.72168, 55.622119], [30.662305, 55.655469], [30.625586, 55.66626], [30.586719, 55.700293], [30.475391, 55.768799], [30.45625, 55.786816], [30.233594, 55.845215], [30.042676, 55.836426], [29.937012, 55.845264], [29.881641, 55.832324], [29.823926, 55.795117], [29.744141, 55.77041], [29.68457, 55.769727], [29.630078, 55.751172], [29.482227, 55.68457], [29.412988, 55.724854], [29.353418, 55.784375], [29.373145, 55.834717], [29.397949, 55.881055], [29.396094, 55.912207], [29.375, 55.938721], [29.283008, 55.967871], [29.087402, 56.021143], [29.031738, 56.021777], [28.947461, 56.0021], [28.794727, 55.942578], [28.74082, 55.955371], [28.69082, 56.002637], [28.636914, 56.061768], [28.563965, 56.091992], [28.407031, 56.089014], [28.39209, 56.086719], [28.316309, 56.052539], [28.284277, 56.055908], [28.147949, 56.14292], [28.17334, 56.190332], [28.202051, 56.2604], [28.191699, 56.315576], [28.169238, 56.386865], [28.11084, 56.510693], [28.103125, 56.545703], [28.00752, 56.599854], [27.991602, 56.645312], [27.941406, 56.703711], [27.89209, 56.741064], [27.881543, 56.82417], [27.848633, 56.853418], [27.806055, 56.86709], [27.655664, 56.843213], [27.639453, 56.845654], [27.711133, 56.978076], [27.717383, 57.054639], [27.762793, 57.135107], [27.814551, 57.166895], [27.830273, 57.194482], [27.838281, 57.247705], [27.828613, 57.293311], [27.796875, 57.316943], [27.672754, 57.368115], [27.538672, 57.429785], [27.511133, 57.508154], [27.469727, 57.524023], [27.351953, 57.528125], [27.354297, 57.550293], [27.371777, 57.612549], [27.4, 57.666797], [27.491992, 57.724951], [27.514746, 57.764209], [27.54209, 57.799414], [27.752832, 57.841016], [27.776953, 57.856738], [27.778516, 57.870703], [27.76875, 57.884131], [27.721973, 57.905469], [27.673438, 57.934619], [27.644141, 58.013916], [27.571094, 58.138086], [27.502441, 58.221338], [27.487793, 58.270068], [27.505566, 58.32627], [27.530078, 58.381494], [27.531348, 58.435254], [27.427051, 58.733057], [27.43418, 58.787256], [27.464453, 58.841309], [27.513086, 58.886279], [27.621777, 58.944971], [27.757617, 59.052002], [27.849512, 59.192676], [27.897656, 59.277637], [27.938184, 59.297021], [28.016406, 59.301709], [28.046094, 59.327832], [28.061328, 59.343262], [28.12832, 59.357568], [28.151074, 59.374414], [28.133008, 59.403076], [28.06582, 59.453174], [28.0125, 59.484277], [28.063965, 59.554004], [28.046289, 59.647168], [28.013965, 59.724756], [28.058008, 59.781543], [28.131152, 59.786523], [28.2125, 59.724658], [28.33457, 59.692529], [28.42373, 59.734082], [28.453906, 59.814258], [28.518164, 59.849561], [28.603906, 59.818066], [28.747656, 59.806689], [28.866895, 59.811914], [28.947266, 59.82876], [28.981543, 59.854785], [29.013379, 59.901562], [29.079102, 59.960986], [29.147266, 59.999756], [29.669727, 59.955664], [30.122559, 59.873584], [30.156836, 59.904297], [30.172656, 59.957129], [30.059961, 60.002588], [29.976758, 60.026367], [29.872266, 60.12085], [29.721191, 60.195312], [29.569336, 60.201855], [29.37041, 60.175928], [29.069141, 60.191455], [28.812695, 60.331543], [28.643164, 60.375293], [28.522266, 60.482959], [28.491602, 60.540137], [28.622461, 60.491602], [28.640332, 60.542871], [28.650586, 60.610986], [28.577832, 60.652539], [28.512793, 60.677295], [28.179297, 60.570996], [27.797656, 60.536133], [28.151953, 60.74585], [28.407422, 60.896924], [28.455078, 60.919629], [28.568164, 60.960205], [28.662891, 61.002832], [28.739063, 61.05874], [28.992969, 61.169043], [29.25166, 61.287793], [29.492383, 61.444238], [29.579395, 61.493457], [29.690137, 61.546094], [29.933203, 61.711572], [30.009961, 61.757373], [30.306445, 61.964844], [30.479688, 62.068213], [30.565625, 62.127588], [30.935742, 62.323779], [31.186719, 62.481396], [31.285645, 62.567822], [31.382422, 62.69165], [31.437305, 62.776123], [31.533984, 62.8854], [31.536523, 62.921631], [31.509277, 62.955322], [31.437012, 63.007715], [31.336719, 63.068066], [31.247461, 63.141895], [31.180859, 63.208301], [30.974805, 63.300635], [30.655273, 63.41748], [30.418555, 63.504053], [30.055371, 63.689014], [29.991504, 63.735156], [30.004102, 63.747314], [30.210254, 63.80332], [30.415332, 63.94751], [30.503906, 64.020605], [30.526074, 64.077295], [30.52793, 64.141113], [30.51377, 64.2], [30.487891, 64.236523], [30.390625, 64.282422], [30.108105, 64.366113], [30.041895, 64.443359], [29.986621, 64.524268], [29.985547, 64.557715], [30.120117, 64.644629], [30.126172, 64.688086], [30.110254, 64.732568], [30.072852, 64.765039], [29.783203, 64.804297], [29.70166, 64.845752], [29.6375, 64.911768], [29.604199, 64.968408], [29.600879, 65.001953], [29.622461, 65.039502], [29.72002, 65.080322], [29.81084, 65.10791], [29.826953, 65.145068], [29.826172, 65.185303], [29.810547, 65.204736], [29.629688, 65.223877], [29.612402, 65.234766], [29.608008, 65.248682], [29.617188, 65.265332], [29.714844, 65.336963], [29.728027, 65.473438], [29.819434, 65.56875], [29.715918, 65.624561], [29.723926, 65.634375], [29.882617, 65.663623], [30.029004, 65.670703], [30.095313, 65.681689], [30.102734, 65.72627], [30.0875, 65.786523], [29.936621, 66.022949], [29.903418, 66.091064], [29.803516, 66.177051], [29.720703, 66.234863], [29.670898, 66.276123], [29.590723, 66.356836], [29.544336, 66.439697], [29.464355, 66.532178], [29.371191, 66.617041], [29.293262, 66.695508], [29.093066, 66.849219], [29.066211, 66.891748], [29.069043, 66.930225], [29.087012, 66.970947], [29.243359, 67.096582], [29.387695, 67.201416], [29.572266, 67.324365], [29.750586, 67.426416], [29.941211, 67.547461], [29.988086, 67.668262], [29.979199, 67.688574], [29.821582, 67.754004], [29.524219, 67.929102], [29.343848, 68.061865], [29.062988, 68.117969], [28.685156, 68.189795], [28.560156, 68.351367], [28.470703, 68.488379], [28.479297, 68.537646], [28.752051, 68.771436], [28.777637, 68.813818], [28.772852, 68.840039], [28.744824, 68.856445], [28.705957, 68.865527], [28.453516, 68.872266], [28.414062, 68.90415], [28.566016, 68.928223], [28.692188, 68.961035], [28.898926, 69.009668], [28.96582, 69.021973], [29.118555, 69.049951], [29.170898, 69.071533], [29.209961, 69.097021], [29.353027, 69.270605], [29.388281, 69.298145], [29.832715, 69.360449], [29.994043, 69.39248], [30.087305, 69.432861], [30.131836, 69.464258], [30.16377, 69.501611], [30.186719, 69.542773], [30.196484, 69.580566], [30.159766, 69.629883], [30.180176, 69.63584], [30.227539, 69.633789], [30.379688, 69.584717], [30.61543, 69.532568], [30.788867, 69.528516], [30.860742, 69.538428], [30.89668, 69.56123], [30.922461, 69.605811], [30.924121, 69.651758], [30.869727, 69.783447], [31.049512, 69.769238], [31.452734, 69.6896], [31.546973, 69.696924], [31.666211, 69.720996], [31.788574, 69.815771], [31.879395, 69.831982], [31.997949, 69.809912], [32.030566, 69.835303], [31.969336, 69.913916], [31.98457, 69.953662], [32.391602, 69.868701], [32.56543, 69.806494], [32.941699, 69.751855], [33.007812, 69.722119], [33.012598, 69.670508], [32.994629, 69.626172], [32.915039, 69.601709], [32.754297, 69.605713], [32.176758, 69.674023], [32.091504, 69.632568], [32.161328, 69.596631], [32.330566, 69.554248], [32.377734, 69.479102], [32.636816, 69.489453], [32.883789, 69.46084], [32.999805, 69.470117], [33.020996, 69.445605], [32.941602, 69.38335], [32.978906, 69.367334], [33.255859, 69.427734], [33.384863, 69.444287], [33.454297, 69.428174], [33.463672, 69.378174], [33.417969, 69.315283], [33.412988, 69.267432], [33.327734, 69.151855], [33.196387, 69.116846], [33.141211, 69.068701], [33.333398, 69.098193], [33.435645, 69.130371], [33.627051, 69.28916], [33.684375, 69.310254], [34.229395, 69.313135], [34.352734, 69.30293], [34.863965, 69.228076], [35.00957, 69.22124], [35.175879, 69.230811], [35.233203, 69.265576], [35.289844, 69.275439], [35.85791, 69.191748], [36.618262, 69.003467], [37.730566, 68.692139], [38.357617, 68.415137], [38.430176, 68.355615], [38.656836, 68.321875], [38.705566, 68.344727], [38.831543, 68.324902], [39.568945, 68.071729], [39.82334, 68.058594], [39.789746, 68.112158], [39.746289, 68.162207], [39.809277, 68.15083], [39.895605, 68.114502], [40.035742, 68.015381], [40.206641, 67.941895], [40.380664, 67.831885], [40.525781, 67.789697], [40.656543, 67.774072], [40.766309, 67.743018], [40.966406, 67.713477], [41.060938, 67.444189], [41.133887, 67.386035], [41.133887, 67.266943], [41.261719, 67.218457], [41.358789, 67.209668], [41.354297, 67.121436], [41.275586, 66.914307], [41.188965, 66.826172], [40.521582, 66.446631], [40.10332, 66.299951], [39.289062, 66.132031], [38.653906, 66.069043], [38.397559, 66.064453], [37.900684, 66.095605], [37.628223, 66.12959], [37.294824, 66.225049], [36.983691, 66.272559], [36.769922, 66.293555], [36.373438, 66.302295], [35.513477, 66.395801], [35.363965, 66.428662], [34.824609, 66.611133], [34.610254, 66.559619], [34.482617, 66.550342], [34.396094, 66.613184], [34.430859, 66.629785], [34.451563, 66.651221], [34.146094, 66.703271], [33.893652, 66.706738], [33.75957, 66.750977], [33.59541, 66.784619], [33.522949, 66.764355], [33.482031, 66.764551], [33.150195, 66.843945], [33.001953, 66.908301], [32.847559, 67.021533], [32.885254, 67.061133], [32.930469, 67.086816], [32.399902, 67.152686], [31.895313, 67.161426], [31.983008, 67.129834], [32.201563, 67.113232], [32.340625, 67.067871], [32.500977, 67.003857], [32.463672, 66.916309], [32.686426, 66.829541], [32.857324, 66.746924], [32.862402, 66.721387], [32.928711, 66.704102], [33.180566, 66.679932], [33.224414, 66.603857], [33.18291, 66.573877], [33.217383, 66.531641], [33.405273, 66.484277], [33.517676, 66.471387], [33.655957, 66.442627], [33.593262, 66.38457], [33.476953, 66.346875], [33.360547, 66.329541], [33.41582, 66.315625], [33.566699, 66.320996], [34.112695, 66.225244], [34.399805, 66.128418], [34.691797, 65.951855], [34.786328, 65.864551], [34.793164, 65.816357], [34.776953, 65.768262], [34.734766, 65.716309], [34.715527, 65.664062], [34.615723, 65.509912], [34.544141, 65.456689], [34.406445, 65.395752], [34.535938, 65.27793], [34.671094, 65.168115], [34.803516, 64.985986], [34.827148, 64.912695], [34.832617, 64.800195], [34.952246, 64.755957], [34.905469, 64.738672], [34.858301, 64.706689], [34.869531, 64.56001], [35.035352, 64.440234], [35.284082, 64.362549], [35.432031, 64.346777], [35.64707, 64.37832], [35.802051, 64.335352], [36.146484, 64.189014], [36.301953, 64.034375], [36.364941, 64.002832], [36.71377, 63.945068], [36.975195, 63.909521], [37.372754, 63.816748], [37.442188, 63.813379], [37.635352, 63.893408], [37.967969, 63.949121], [38.070801, 64.02583], [38.062207, 64.091016], [37.977148, 64.207031], [37.953711, 64.320117], [37.843555, 64.366309], [37.740625, 64.396973], [37.42959, 64.373584], [37.289551, 64.37793], [37.183691, 64.408496], [37.04043, 64.48916], [36.769336, 64.685254], [36.624219, 64.750537], [36.578711, 64.790967], [36.528223, 64.847363], [36.53457, 64.938623], [36.65293, 64.935449], [36.785938, 64.987158], [36.882812, 65.172363], [37.050195, 65.195898], [37.14082, 65.194287], [37.528125, 65.108252], [38.009375, 64.87876], [38.115723, 64.85459], [38.228223, 64.851221], [38.412109, 64.85708], [38.441992, 64.827148], [38.540918, 64.79126], [38.613086, 64.78667], [39.053516, 64.713916], [39.567383, 64.570557], [39.758008, 64.577051], [39.833008, 64.656396], [39.848633, 64.690527], [40.057813, 64.770752], [40.203711, 64.784033], [40.407813, 64.754883], [40.444922, 64.778711], [40.375391, 64.896289], [40.28125, 64.998096], [40.142676, 65.063281], [39.896484, 65.254785], [39.798047, 65.349854], [39.749121, 65.447949], [39.781152, 65.534717], [39.816504, 65.597949], [40.327832, 65.751709], [40.512793, 65.843799], [40.691602, 65.963428], [40.774414, 65.987891], [41.076074, 66.021094], [41.475781, 66.123437], [41.780859, 66.259326], [42.083594, 66.465918], [42.210547, 66.519678], [42.313672, 66.514746], [42.450781, 66.482422], [42.602148, 66.42251], [42.806543, 66.411328], [43.005957, 66.420947], [43.233203, 66.415527], [43.550879, 66.321289], [43.60332, 66.291211], [43.653125, 66.250977], [43.550391, 66.173389], [43.541895, 66.123389], [43.623926, 66.146729], [43.737012, 66.158398], [43.84375, 66.142383], [43.944141, 66.098682], [44.016699, 66.049756], [44.104395, 66.008594], [44.132422, 66.064551], [44.145313, 66.112744], [44.097168, 66.235059], [44.220703, 66.40708], [44.316406, 66.481689], [44.488672, 66.671777], [44.437109, 66.794629], [44.429297, 66.937744], [44.403906, 67.004199], [44.291797, 67.099658], [44.074414, 67.167334], [43.855371, 67.188623], [43.782422, 67.254492], [43.795703, 67.32959], [43.856348, 67.439307], [44.036426, 67.670654], [44.225391, 67.995605], [44.231543, 68.07124], [44.213867, 68.112598], [44.226465, 68.154443], [44.204688, 68.25376], [44.169141, 68.3271], [43.404004, 68.608545], [43.358008, 68.635791], [43.333203, 68.673389], [43.413281, 68.681738], [43.471973, 68.679834], [44.048047, 68.548828], [44.175293, 68.541748], [45.078125, 68.578174], [45.519434, 68.546533], [45.891992, 68.479687], [46.158398, 68.291357], [46.429688, 68.118848], [46.683594, 67.970459], [46.69043, 67.848828], [46.428906, 67.823682], [46.174219, 67.818164], [45.528711, 67.757568], [45.374121, 67.688867], [44.939453, 67.477441], [44.902148, 67.413135], [44.939453, 67.350781], [45.138867, 67.284717], [45.562207, 67.185596], [45.752539, 66.98916], [45.885352, 66.891064], [45.986035, 66.853125], [46.083984, 66.843506], [46.297754, 66.842822], [46.448535, 66.818994], [46.492383, 66.800195], [46.552344, 66.818994], [46.69082, 66.825537], [47.496484, 66.929834], [47.655859, 66.975928], [47.709082, 67.04502], [47.768066, 67.275635], [47.839258, 67.355713], [47.908203, 67.454688], [47.882617, 67.515332], [47.874707, 67.58418], [48.278711, 67.650391], [48.653809, 67.695264], [48.833203, 67.681494], [48.87793, 67.731348], [48.762695, 67.827002], [48.695703, 67.874219], [48.754297, 67.895947], [48.840625, 67.869727], [48.953906, 67.853809], [49.155273, 67.87041], [49.93125, 68.065137], [50.233203, 68.175342], [50.414062, 68.218359], [50.699414, 68.317725], [50.838867, 68.349951], [51.078516, 68.36333], [51.336133, 68.402441], [51.616699, 68.476318], [51.994727, 68.53877], [52.055664, 68.541309], [52.128809, 68.532031], [52.285352, 68.459375], [52.227441, 68.418604], [52.183496, 68.374268], [52.25918, 68.350928], [52.322266, 68.339697], [52.39668, 68.351709], [52.475, 68.382129], [52.669727, 68.426758], [52.722656, 68.484033], [52.647656, 68.506152], [52.550098, 68.592432], [52.435059, 68.610205], [52.344043, 68.608154], [52.683594, 68.731201], [53.412891, 68.912549], [53.801953, 68.995898], [54.18584, 69.00332], [54.491211, 68.992334], [54.37627, 68.964746], [53.874414, 68.926611], [53.797656, 68.907471], [53.798242, 68.884668], [53.919531, 68.87124], [53.970605, 68.844287], [53.929297, 68.811865], [53.891211, 68.801514], [53.833887, 68.708936], [53.758887, 68.633984], [53.917676, 68.536963], [53.930859, 68.435547], [53.829492, 68.382666], [53.690039, 68.402539], [53.566699, 68.36709], [53.342578, 68.343213], [53.293359, 68.31167], [53.260547, 68.26748], [53.403125, 68.256836], [53.515137, 68.259668], [53.913672, 68.231201], [53.967871, 68.227344], [54.099219, 68.259033], [54.23291, 68.266309], [54.393945, 68.275098], [54.476172, 68.294141], [54.56123, 68.273047], [54.717969, 68.18418], [54.861328, 68.201855], [54.923047, 68.373828], [55.150879, 68.480029], [55.418066, 68.567822], [55.675293, 68.575879], [55.924609, 68.637305], [56.043652, 68.648877], [56.275684, 68.624072], [56.620215, 68.619043], [56.909375, 68.566699], [57.126855, 68.554004], [57.444336, 68.641504], [58.173047, 68.889746], [58.237012, 68.833936], [58.353906, 68.916211], [58.918945, 69.003809], [59.057324, 69.006055], [59.059863, 68.972559], [59.110156, 68.896289], [59.22041, 68.849609], [59.370508, 68.738379], [59.29834, 68.708447], [59.222559, 68.691309], [59.112305, 68.616309], [59.099023, 68.444336], [59.310742, 68.400293], [59.604297, 68.351123], [59.725684, 68.351611], [59.827539, 68.380322], [59.858789, 68.396045], [59.897363, 68.421924], [59.922852, 68.471338], [59.941406, 68.510498], [59.865137, 68.604932], [59.895996, 68.706348], [60.160254, 68.699512], [60.48916, 68.728955], [60.637695, 68.787012], [60.815137, 68.895215], [60.933594, 68.986768], [60.858594, 69.145508], [60.664551, 69.110254], [60.337305, 69.457031], [60.170605, 69.590918], [60.276465, 69.652637], [60.558691, 69.692334], [60.812988, 69.821143], [60.909082, 69.847119], [61.015918, 69.851465], [61.770508, 69.763037], [62.63125, 69.743115], [63.361426, 69.675293], [64.19043, 69.534668], [64.592188, 69.435645], [64.928516, 69.325391], [64.896289, 69.247803], [65.031543, 69.269824], [65.326758, 69.201367], [65.52793, 69.173438], [65.735742, 69.132324], [65.812695, 69.077002], [66.084766, 69.036328], [66.365625, 68.961328], [66.416113, 68.947852], [66.756445, 68.891992], [67.002441, 68.873584], [67.149219, 68.753955], [67.639648, 68.579297], [67.730762, 68.513672], [68.156934, 68.403662], [68.371191, 68.314258], [68.504199, 68.348438], [68.829492, 68.567432], [69.024316, 68.817969], [69.140527, 68.950635], [68.924414, 68.956201], [68.762891, 68.917383], [68.65957, 68.927393], [68.542773, 68.96709], [68.355078, 69.067578], [68.117383, 69.23623], [68.073047, 69.420801], [68.005859, 69.480029], [67.774316, 69.52998], [67.624121, 69.584424], [67.064453, 69.693701], [66.964063, 69.655566], [66.93418, 69.59668], [66.89668, 69.553809], [66.840234, 69.60918], [66.804004, 69.659229], [66.80293, 69.740137], [66.832227, 69.842187], [66.926367, 70.014258], [67.069043, 70.005615], [67.144434, 70.030615], [67.239258, 70.108057], [67.197461, 70.171631], [67.146484, 70.219922], [67.156836, 70.295117], [67.246875, 70.500098], [67.284766, 70.738721], [67.211523, 70.798438], [67.143359, 70.837549], [66.822461, 70.797363], [66.702246, 70.818506], [66.675195, 70.864697], [66.666113, 70.900586], [66.758789, 70.962354], [66.84707, 71.063721], [66.692578, 71.041699], [66.639648, 71.081396], [66.768066, 71.139893], [66.917578, 71.282373], [67.274219, 71.347852], [67.541797, 71.412012], [67.959375, 71.548389], [68.269238, 71.682812], [68.469434, 71.852637], [68.607422, 72.012744], [68.829688, 72.391553], [69.039062, 72.669922], [69.391406, 72.955518], [69.611816, 72.981934], [69.694336, 72.977539], [69.708984, 72.956396], [69.658789, 72.931836], [69.645117, 72.897559], [69.738281, 72.884961], [69.8875, 72.882568], [70.172168, 72.901172], [70.655371, 72.890381], [71.500195, 72.913672], [71.616992, 72.9021], [71.92959, 72.819678], [72.100977, 72.829004], [72.446387, 72.790332], [72.633789, 72.744482], [72.812109, 72.691406], [72.787402, 72.482959], [72.75293, 72.343164], [72.624414, 72.079443], [72.574121, 72.012549], [72.375, 71.821631], [72.279492, 71.695508], [72.129688, 71.60918], [71.912012, 71.547949], [71.884375, 71.511377], [71.867285, 71.457373], [72.079297, 71.306689], [72.581348, 71.151123], [72.704492, 70.963232], [72.731641, 70.822852], [72.7, 70.457324], [72.65332, 70.403418], [72.561914, 70.345557], [72.469434, 70.274951], [72.529688, 70.17251], [72.599414, 69.793213], [72.615625, 69.484033], [72.557324, 69.378418], [72.527051, 69.154248], [72.527344, 69.080518], [72.576758, 68.968701], [72.67832, 68.874854], [72.811914, 68.815234], [73.190723, 68.706787], [73.548047, 68.574512], [73.573438, 68.532617], [73.591699, 68.481885], [73.465234, 68.430762], [73.266406, 68.294482], [73.139453, 68.181348], [73.129395, 68.090918], [73.173047, 67.973047], [73.152148, 67.865039], [73.066797, 67.766943], [72.94873, 67.69624], [72.594336, 67.586963], [71.847461, 67.007617], [71.668164, 66.939697], [71.365234, 66.961523], [71.448926, 66.878955], [71.551172, 66.760449], [71.539551, 66.683105], [71.341992, 66.686719], [71.065625, 66.604492], [70.939453, 66.548145], [70.724902, 66.519434], [70.561426, 66.548682], [70.382812, 66.60249], [70.408887, 66.647607], [70.442578, 66.668262], [70.567969, 66.700879], [70.690723, 66.745312], [70.630762, 66.754199], [70.579102, 66.75376], [70.443945, 66.697314], [70.283398, 66.685791], [70.09375, 66.754346], [69.948633, 66.82998], [69.877148, 66.845459], [69.74043, 66.8146], [69.217773, 66.828613], [69.078711, 66.815918], [69.013477, 66.78833], [69.051172, 66.766357], [69.091113, 66.723584], [69.143945, 66.640723], [69.194336, 66.578662], [69.412012, 66.510742], [69.700977, 66.48457], [69.982422, 66.401416], [70.339453, 66.342383], [71.145508, 66.36665], [71.358008, 66.359424], [71.565625, 66.33374], [71.916992, 66.246729], [72.067578, 66.25332], [72.321582, 66.332129], [72.383984, 66.506543], [72.417383, 66.560791], [73.341602, 66.806836], [73.513574, 66.861084], [73.79209, 66.995312], [73.883301, 67.084961], [73.98623, 67.327686], [74.074512, 67.414111], [74.676074, 67.694629], [74.769531, 67.766357], [74.787305, 67.89751], [74.778223, 67.985938], [74.742676, 68.073535], [74.632422, 68.218311], [74.51123, 68.303076], [74.391406, 68.420605], [74.480957, 68.658887], [74.57959, 68.751221], [75.124609, 68.861719], [75.589551, 68.901172], [76.10752, 68.975732], [76.316016, 68.991504], [76.45918, 68.978271], [76.605762, 68.897607], [76.735059, 68.776904], [77.111719, 68.596191], [77.238477, 68.46958], [77.261035, 68.315576], [77.248438, 67.941016], [77.174414, 67.778516], [77.325098, 67.735645], [77.395605, 67.698682], [77.579199, 67.643945], [77.675098, 67.5896], [77.771582, 67.570264], [77.985547, 67.55918], [78.589551, 67.578467], [78.922461, 67.589111], [78.887598, 67.613135], [78.839063, 67.631201], [78.559082, 67.639111], [78.16123, 67.678369], [77.588281, 67.751904], [77.520117, 67.909619], [77.535937, 68.007666], [77.664844, 68.190381], [77.756836, 68.222363], [77.868262, 68.234717], [77.995117, 68.259473], [77.958691, 68.377051], [77.906836, 68.482275], [77.785254, 68.630469], [77.650684, 68.903027], [77.466309, 68.905127], [77.32832, 68.958643], [76.644922, 69.117383], [76.000977, 69.235059], [75.561133, 69.251807], [75.42002, 69.238623], [75.053516, 69.116309], [74.814844, 69.090576], [74.362598, 69.14458], [73.977441, 69.114648], [73.836035, 69.143213], [73.775684, 69.198242], [73.890918, 69.417969], [73.832715, 69.503906], [73.663281, 69.61709], [73.560156, 69.707227], [73.578125, 69.802979], [73.830176, 70.175684], [73.937402, 70.272852], [74.206738, 70.445459], [74.343359, 70.578711], [74.310938, 70.653613], [73.731543, 71.068701], [73.576563, 71.216504], [73.507227, 71.263525], [73.365234, 71.319775], [73.150488, 71.385205], [73.08623, 71.444922], [73.671777, 71.845068], [73.939453, 71.914746], [74.31123, 71.957813], [74.489063, 71.997021], [74.804102, 72.077393], [74.992188, 72.144824], [75.053223, 72.199219], [75.089941, 72.263135], [75.09707, 72.420654], [75.060352, 72.548779], [75.008008, 72.619434], [74.896875, 72.710107], [74.786816, 72.811865], [74.864941, 72.838428], [74.942188, 72.853809], [75.152441, 72.852734], [75.369336, 72.796631], [75.474902, 72.68501], [75.603516, 72.581055], [75.603125, 72.512158], [75.591406, 72.457227], [75.644336, 72.382275], [75.691113, 72.35], [75.741406, 72.29624], [75.694434, 72.253516], [75.644336, 72.232324], [75.550195, 72.170801], [75.394531, 71.983203], [75.273828, 71.958936], [75.247461, 71.813379], [75.503223, 71.654639], [75.468555, 71.534375], [75.417188, 71.494678], [75.280273, 71.430078], [75.298047, 71.378467], [75.332031, 71.341748], [75.733594, 71.265918], [76.110449, 71.218555], [76.741992, 71.202051], [76.929004, 71.127881], [76.995215, 71.181055], [77.589648, 71.16792], [78.068262, 70.986328], [78.320605, 70.93042], [78.525781, 70.911816], [78.942187, 70.933789], [79.01543, 70.950195], [79.083887, 71.002002], [78.888672, 70.997168], [78.803516, 70.973535], [78.723926, 70.975977], [78.587695, 70.993896], [78.491406, 71.025391], [78.386523, 71.087109], [78.212598, 71.266309], [77.908398, 71.324072], [77.706641, 71.300586], [77.481055, 71.311572], [77.113672, 71.409375], [76.871191, 71.446582], [76.433398, 71.55249], [76.312109, 71.595459], [76.215723, 71.682861], [76.103613, 71.829004], [76.032422, 71.9104], [76.124023, 71.926611], [76.42168, 72.006006], [76.871387, 72.033008], [77.061328, 72.004199], [77.550781, 71.84209], [77.777539, 71.836426], [78.186914, 71.90708], [78.232422, 71.952295], [78.14082, 72.044678], [78.016406, 72.092041], [77.780664, 72.114307], [77.492871, 72.071729], [77.41084, 72.107764], [77.439746, 72.156543], [77.471582, 72.192139], [77.625293, 72.201416], [77.733203, 72.229199], [77.968164, 72.328711], [78.225391, 72.377441], [78.482617, 72.394971], [79.42207, 72.380762], [79.953906, 72.223047], [80.474023, 72.153125], [80.699219, 72.098291], [80.7625, 72.08916], [80.814746, 72.054297], [80.856055, 71.970215], [81.51123, 71.746143], [81.661621, 71.715967], [82.079883, 71.706836], [82.547266, 71.758594], [82.757812, 71.764111], [82.986133, 71.748682], [83.106641, 71.720508], [83.233594, 71.668164], [83.165527, 71.602197], [83.105664, 71.562451], [82.977051, 71.451367], [82.917969, 71.419922], [82.493164, 71.292871], [82.322852, 71.26001], [82.276953, 71.093457], [82.254297, 71.056201], [82.23916, 70.997705], [82.316016, 70.879443], [82.335938, 70.807373], [82.270703, 70.706738], [82.163184, 70.598145], [82.182422, 70.511475], [82.221191, 70.395703], [82.23584, 70.430273], [82.231445, 70.48291], [82.258398, 70.543604], [82.45166, 70.690088], [82.59248, 70.889941], [82.737793, 70.94209], [82.869141, 70.954834], [83.010156, 70.89541], [83.051074, 70.815234], [83.058398, 70.694727], [83.030176, 70.580518], [82.919824, 70.407422], [82.74248, 70.286475], [82.682324, 70.217725], [82.767285, 70.154053], [82.856543, 70.104541], [82.961035, 70.088281], [83.080762, 70.093018], [83.10957, 70.10957], [83.132031, 70.157178], [83.094141, 70.221094], [83.073828, 70.276709], [83.293457, 70.321338], [83.49707, 70.345264], [83.659863, 70.418359], [83.700488, 70.466406], [83.735938, 70.546484], [83.65127, 70.672217], [83.578906, 70.765918], [83.333887, 70.988525], [83.15127, 71.103613], [83.266016, 71.275879], [83.457617, 71.467529], [83.531055, 71.514258], [83.550488, 71.543652], [83.571289, 71.594385], [83.553516, 71.649805], [83.534375, 71.683936], [83.34043, 71.827539], [83.200293, 71.874707], [82.755078, 71.902832], [82.64541, 71.925244], [82.319141, 72.071826], [82.280664, 72.105127], [82.209277, 72.211182], [82.183594, 72.237549], [82.093652, 72.26543], [81.792871, 72.326611], [81.58623, 72.351709], [81.282715, 72.358838], [81.098145, 72.389746], [80.827051, 72.488281], [80.797754, 72.519971], [80.719629, 72.6479], [80.65625, 72.712012], [80.675391, 72.75918], [80.77373, 72.860791], [80.841602, 72.94917], [80.757422, 73.025244], [80.638672, 73.04917], [80.509668, 73.086084], [80.455469, 73.155225], [80.424512, 73.231152], [80.418945, 73.289648], [80.398047, 73.356836], [80.458301, 73.413721], [80.595898, 73.474023], [80.561914, 73.51499], [80.583203, 73.568457], [81.468848, 73.64043], [81.816992, 73.658838], [83.544727, 73.666504], [83.666992, 73.686475], [84.417383, 73.722021], [84.737891, 73.762842], [85.077441, 73.719531], [85.200586, 73.721533], [85.44834, 73.734619], [85.611426, 73.821582], [85.979297, 73.856934], [86.591406, 73.894287], [86.892969, 73.887109], [86.961328, 73.860742], [87.029492, 73.82417], [86.697656, 73.716846], [86.365918, 73.619775], [86.094141, 73.57832], [85.827051, 73.492773], [85.800488, 73.458936], [85.792578, 73.43833], [85.802441, 73.37168], [85.818164, 73.326953], [86.098145, 73.272607], [86.30791, 73.195752], [86.514355, 73.140479], [86.677051, 73.106787], [86.715039, 73.12583], [86.12168, 73.306738], [85.970801, 73.34707], [85.910059, 73.39043], [85.938965, 73.456494], [85.998926, 73.48584], [86.092383, 73.519141], [86.155078, 73.534668], [86.37627, 73.568848], [87.120117, 73.615039], [87.294434, 73.704688], [87.369531, 73.755908], [87.571191, 73.810742], [87.503223, 73.832471], [87.3375, 73.846045], [87.209668, 73.878662], [86.69707, 74.195312], [86.571094, 74.24375], [86.177832, 74.279395], [86.001367, 74.316016], [86.18291, 74.423047], [86.395801, 74.450098], [86.538477, 74.444238], [86.664746, 74.414258], [86.897949, 74.325342], [87.229688, 74.363867], [87.106152, 74.403564], [86.894238, 74.449707], [86.700098, 74.522461], [86.425684, 74.585498], [86.116113, 74.628564], [85.791016, 74.645117], [85.880762, 74.740234], [86.058887, 74.728223], [86.119531, 74.757422], [86.20127, 74.816211], [86.651465, 74.682422], [86.862891, 74.717871], [87.041797, 74.778857], [87.419336, 74.940918], [87.467578, 75.013232], [87.287402, 75.052539], [87.140723, 75.072266], [86.939063, 75.068115], [86.92168, 75.112793], [87.005957, 75.169824], [87.170801, 75.191748], [87.671387, 75.12959], [88.503711, 75.290479], [88.733105, 75.369189], [89.310254, 75.470117], [89.595117, 75.458252], [90.184961, 75.591064], [91.004687, 75.649561], [91.479492, 75.649658], [91.84541, 75.723682], [92.40752, 75.749658], [92.602539, 75.779102], [93.549805, 75.854102], [94.075195, 75.912891], [94.156348, 75.959229], [93.687012, 75.921582], [93.574023, 75.956299], [93.475488, 75.932861], [93.406055, 75.90127], [93.178125, 75.958984], [93.116309, 75.944629], [93.068652, 75.912842], [92.986621, 75.902686], [92.89043, 75.909961], [92.858594, 75.979492], [92.971582, 76.075098], [93.104883, 76.02583], [93.259277, 76.098779], [93.35957, 76.100732], [93.648438, 76.05415], [93.842871, 76.101318], [94.102344, 76.123584], [94.388281, 76.102783], [94.506738, 76.107959], [94.575586, 76.151758], [95.038477, 76.113525], [95.359277, 76.1396], [95.578711, 76.137305], [95.919922, 76.113135], [96.075488, 76.081982], [95.986035, 76.009668], [95.65332, 75.892188], [95.743848, 75.872314], [95.934766, 75.926025], [96.508594, 76.005566], [96.600586, 75.989893], [96.537695, 75.921631], [96.49707, 75.891211], [96.879199, 75.931055], [97.205469, 76.018701], [97.350684, 76.033398], [97.499219, 75.980225], [97.637695, 76.029053], [97.669824, 76.078027], [97.918359, 76.088672], [98.02002, 76.133691], [98.194629, 76.166406], [98.341992, 76.180566], [98.662012, 76.242676], [98.771289, 76.224023], [98.984668, 76.207568], [99.187305, 76.177637], [99.562695, 76.109326], [99.615625, 76.082324], [99.663184, 76.078027], [99.77041, 76.02876], [99.689258, 75.956348], [99.602344, 75.852051], [99.442187, 75.803174], [99.540723, 75.798584], [99.609375, 75.811279], [99.7375, 75.880664], [99.851367, 75.930273], [99.825391, 76.135937], [99.616797, 76.240186], [99.460645, 76.275098], [99.093848, 76.384326], [98.969531, 76.430811], [98.805664, 76.480664], [98.869434, 76.50957], [99.57627, 76.471436], [99.935742, 76.489893], [100.322363, 76.47915], [100.84375, 76.525195], [101.060742, 76.477246], [101.310742, 76.478906], [101.597754, 76.439209], [101.683789, 76.485498], [101.212988, 76.535693], [101.002637, 76.530518], [100.928027, 76.556738], [101.00625, 76.615088], [101.099316, 76.704004], [101.008203, 76.781348], [100.92041, 76.82251], [100.905859, 76.900684], [100.989941, 76.990479], [101.185742, 77.028564], [101.292871, 77.101562], [101.517676, 77.198096], [102.610156, 77.508545], [103.131445, 77.626465], [103.33125, 77.641064], [103.560742, 77.631934], [104.014551, 77.73042], [104.184863, 77.730469], [104.814258, 77.6521], [104.965234, 77.594727], [105.308984, 77.549219], [105.710254, 77.525244], [105.894531, 77.488867], [105.983398, 77.447607], [106.05957, 77.390527], [105.73418, 77.352002], [105.38457, 77.237842], [104.911914, 77.174707], [104.323633, 77.132666], [104.202441, 77.101807], [105.320215, 77.092334], [105.645898, 77.100684], [105.712012, 77.001465], [105.822168, 76.99751], [106.14541, 77.045312], [106.338672, 77.047852], [106.705078, 77.01377], [106.783691, 77.031787], [106.941602, 77.034375], [107.278906, 76.990967], [107.429785, 76.926563], [107.190234, 76.822021], [106.940918, 76.730469], [106.63877, 76.573389], [106.545508, 76.586279], [106.384668, 76.589453], [106.413574, 76.512256], [106.683203, 76.514697], [106.825391, 76.480078], [107.157715, 76.524072], [107.624219, 76.510107], [107.722168, 76.522314], [107.902246, 76.569678], [107.949902, 76.660645], [108.02793, 76.718457], [108.181641, 76.737842], [108.352051, 76.719531], [108.638379, 76.720117], [109.369336, 76.749219], [109.981152, 76.711865], [110.471484, 76.758398], [111.114844, 76.723047], [111.39248, 76.68667], [111.600586, 76.622314], [111.786133, 76.603564], [111.938672, 76.553418], [112.093945, 76.480322], [112.016797, 76.420557], [111.942676, 76.380469], [112.142773, 76.423975], [112.29707, 76.434668], [112.413281, 76.408301], [112.619531, 76.383545], [112.68418, 76.218848], [112.742578, 76.186914], [112.798438, 76.129639], [112.721875, 76.077197], [112.65625, 76.053564], [112.818945, 76.058594], [113.04668, 76.114111], [113.094043, 76.13291], [113.150391, 76.174512], [113.066016, 76.215234], [112.987988, 76.239746], [113.086035, 76.258105], [113.272656, 76.25166], [113.365527, 76.178857], [113.427734, 76.112109], [113.563867, 75.89165], [113.857227, 75.921289], [113.870996, 75.856006], [113.74873, 75.704785], [113.619922, 75.592676], [113.567578, 75.568408], [113.485938, 75.563965], [113.517188, 75.621875], [113.469043, 75.656689], [113.391602, 75.677881], [113.126367, 75.698682], [112.629199, 75.8354], [112.49668, 75.849902], [112.466113, 75.843652], [112.453027, 75.830176], [112.72959, 75.737646], [112.955664, 75.571924], [113.161523, 75.620508], [113.242969, 75.611426], [113.35625, 75.534277], [113.558887, 75.502051], [113.726172, 75.450635], [113.613574, 75.292969], [112.924902, 75.015039], [112.191992, 74.853174], [111.868262, 74.740039], [111.299023, 74.658447], [110.892773, 74.548096], [110.373535, 74.466064], [110.225879, 74.378662], [109.840332, 74.321973], [109.866406, 74.293066], [109.911328, 74.261328], [109.863867, 74.208887], [109.810254, 74.169189], [109.51084, 74.088818], [109.075, 74.032324], [108.199512, 73.694092], [107.76543, 73.625], [107.271094, 73.621045], [107.166992, 73.589404], [106.794238, 73.37666], [106.679395, 73.330664], [106.188672, 73.308008], [105.677148, 72.959277], [105.392773, 72.841016], [105.143945, 72.777051], [105.402734, 72.789941], [105.708203, 72.83667], [106.066699, 72.949854], [106.15957, 73.002002], [106.208789, 73.060547], [106.315039, 73.106396], [106.47793, 73.139404], [107.108789, 73.177295], [107.36875, 73.163135], [107.750391, 73.173145], [108.00127, 73.235596], [108.150977, 73.25791], [108.285352, 73.265869], [108.351465, 73.310205], [108.575391, 73.319043], [109.089941, 73.378418], [109.165625, 73.399609], [109.331055, 73.487451], [109.637109, 73.454004], [109.855273, 73.472461], [110.428711, 73.628906], [110.77334, 73.68916], [110.868164, 73.730713], [110.799219, 73.759766], [110.722363, 73.779932], [110.388281, 73.726025], [110.091211, 73.708545], [109.752734, 73.722559], [109.706738, 73.74375], [109.665625, 73.800244], [109.774121, 73.88125], [109.869141, 73.930615], [110.083887, 73.994385], [110.261426, 74.017432], [110.920117, 73.9479], [111.05625, 73.939355], [111.130859, 74.052832], [111.341406, 74.047363], [111.550586, 74.028516], [111.459961, 74.004834], [111.228125, 73.968555], [111.299512, 73.884863], [111.400391, 73.827734], [111.803711, 73.745264], [112.147266, 73.708936], [112.4, 73.711133], [112.79541, 73.746094], [112.855957, 73.771143], [112.939648, 73.835645], [112.835938, 73.962061], [112.934961, 73.945703], [113.032813, 73.913867], [113.181543, 73.837402], [113.326855, 73.707422], [113.416211, 73.647607], [113.364453, 73.582764], [113.156934, 73.45957], [113.276953, 73.391504], [113.490918, 73.346094], [113.487598, 73.145117], [113.474609, 73.047852], [113.369336, 72.941895], [113.247363, 72.897217], [113.127832, 72.830664], [113.158203, 72.769482], [113.186133, 72.730176], [113.312207, 72.657373], [113.664551, 72.634521], [113.711914, 72.65415], [113.630078, 72.6771], [113.391406, 72.711035], [113.298145, 72.738867], [113.215527, 72.805859], [113.311523, 72.87832], [113.41748, 72.932178], [113.542773, 73.054346], [113.581445, 73.142236], [113.558887, 73.232617], [113.63916, 73.273584], [113.765234, 73.317969], [113.829297, 73.326562], [113.88623, 73.345801], [113.795117, 73.367432], [113.711328, 73.378564], [113.539453, 73.433643], [113.510352, 73.50498], [113.856934, 73.533398], [114.060547, 73.584668], [114.816016, 73.607178], [115.337695, 73.702588], [116.495508, 73.676074], [117.308594, 73.59917], [118.450195, 73.589795], [118.870898, 73.537891], [118.91123, 73.518359], [118.936426, 73.481201], [118.754492, 73.464502], [118.457031, 73.464404], [118.376563, 73.367236], [118.430273, 73.246533], [118.960352, 73.117285], [119.425293, 73.063965], [119.750391, 72.979102], [119.92168, 72.971338], [120.597949, 72.981104], [120.997168, 72.936719], [121.354297, 72.97085], [121.747852, 72.969678], [121.886035, 72.960889], [122.029785, 72.897217], [122.260156, 72.880566], [122.5375, 72.877783], [122.69209, 72.89082], [122.751953, 72.906494], [122.730859, 72.931299], [122.501953, 72.970654], [122.526758, 73.016699], [122.615234, 73.02793], [122.999316, 72.964648], [123.160352, 72.954883], [123.301172, 73.001807], [123.40459, 73.085645], [123.461621, 73.144189], [123.521875, 73.1729], [123.572461, 73.177344], [123.622266, 73.193262], [123.500977, 73.261621], [123.383887, 73.347314], [123.355273, 73.40249], [123.322656, 73.430811], [123.305078, 73.53291], [123.416211, 73.636865], [123.491113, 73.666357], [123.796875, 73.626758], [123.933887, 73.689307], [124.019043, 73.712305], [124.388086, 73.754834], [124.541211, 73.75127], [124.796289, 73.711768], [125.61709, 73.520605], [125.598535, 73.447412], [125.794434, 73.468457], [125.887891, 73.498096], [126.107422, 73.51748], [126.254492, 73.548193], [126.295996, 73.53667], [126.344922, 73.506299], [126.308887, 73.463672], [126.257422, 73.419775], [126.29248, 73.394189], [126.335449, 73.38877], [126.552539, 73.334912], [126.838477, 73.43418], [126.955176, 73.528223], [127.031348, 73.547461], [127.740332, 73.481543], [127.955078, 73.445557], [127.996875, 73.425635], [128.025684, 73.390771], [128.141699, 73.352393], [128.281445, 73.330566], [128.26416, 73.300732], [128.257812, 73.26748], [128.587012, 73.262402], [128.730469, 73.233398], [128.888672, 73.190234], [128.87168, 73.139355], [128.913379, 73.110596], [129.05918, 73.10752], [129.100586, 73.112354], [129.053711, 73.04541], [128.853516, 72.972607], [128.735254, 72.943262], [128.599023, 72.895166], [128.674023, 72.885889], [129.017285, 72.872461], [129.229102, 72.775732], [129.250391, 72.705176], [129.117578, 72.676953], [128.815332, 72.585889], [128.633398, 72.550146], [128.508496, 72.547314], [128.418262, 72.535156], [128.549414, 72.49585], [129.116602, 72.485742], [129.281348, 72.437695], [129.411719, 72.315479], [129.410645, 72.166309], [129.283496, 72.092041], [128.934961, 72.079492], [128.475195, 72.245557], [128.196973, 72.309619], [127.803418, 72.434033], [127.726074, 72.413184], [127.841406, 72.308252], [128.026563, 72.25], [128.358789, 72.08833], [128.911426, 71.755322], [129.040137, 71.782422], [129.116602, 71.824609], [129.154199, 71.878662], [129.121582, 71.953223], [129.210254, 71.916943], [129.291797, 71.850195], [129.46084, 71.739307], [129.23418, 71.744824], [128.949023, 71.707568], [128.843262, 71.663477], [128.922656, 71.601758], [129.134277, 71.592871], [129.224512, 71.508838], [129.389844, 71.404883], [129.761914, 71.119531], [130.025977, 71.065381], [130.28125, 70.947314], [130.537109, 70.892529], [130.668457, 70.88833], [130.757129, 70.962354], [130.831934, 70.935889], [130.898047, 70.803564], [131.021582, 70.746094], [131.157422, 70.742188], [131.268262, 70.765527], [131.432324, 70.828271], [131.562012, 70.901025], [131.769043, 71.101416], [131.906445, 71.202637], [132.035352, 71.244043], [131.99082, 71.293213], [132.003711, 71.350195], [132.098828, 71.483984], [132.227637, 71.642773], [132.325781, 71.726221], [132.562305, 71.895313], [132.653906, 71.925977], [132.71582, 71.871484], [132.768555, 71.79873], [132.803613, 71.767578], [132.839258, 71.755176], [133.130859, 71.606689], [133.426172, 71.490967], [133.688867, 71.434229], [134.102832, 71.378955], [134.702734, 71.386816], [134.813867, 71.460596], [135.022363, 71.515039], [135.359375, 71.543506], [135.55918, 71.610352], [135.884766, 71.630566], [136.090332, 71.61958], [136.406152, 71.570752], [137.11582, 71.415674], [137.31543, 71.359424], [137.41748, 71.299023], [137.650586, 71.208154], [137.797852, 71.163916], [137.939648, 71.133398], [137.991699, 71.142725], [137.97373, 71.168652], [137.901953, 71.194043], [137.844043, 71.226807], [138.012695, 71.26084], [138.03252, 71.28584], [138.090625, 71.307422], [138.314063, 71.325537], [138.097168, 71.358594], [138.022168, 71.363428], [137.918359, 71.384082], [137.927344, 71.429785], [137.995703, 71.463525], [138.04834, 71.525977], [138.118457, 71.566162], [138.23418, 71.596338], [138.318066, 71.602832], [138.525195, 71.562744], [138.67002, 71.634814], [138.780176, 71.629004], [139.004883, 71.556055], [139.209375, 71.444775], [139.320215, 71.444727], [139.632129, 71.489258], [139.98418, 71.491504], [139.93877, 71.557666], [139.695117, 71.700439], [139.722949, 71.884961], [139.552344, 71.926709], [139.359277, 71.951367], [139.640234, 71.99834], [139.84707, 72.148584], [140.014063, 72.162109], [140.187695, 72.191309], [140.134375, 72.209619], [139.616992, 72.225684], [139.505273, 72.207666], [139.430469, 72.163477], [139.176367, 72.163477], [139.14502, 72.264404], [139.14082, 72.329736], [139.473633, 72.466504], [139.601172, 72.496094], [140.450586, 72.493115], [140.705078, 72.518945], [141.079297, 72.586914], [140.983203, 72.630029], [140.972852, 72.716992], [140.652344, 72.842822], [140.675977, 72.871631], [140.708105, 72.890039], [140.808203, 72.890967], [141.309766, 72.857715], [141.518359, 72.788672], [142.061426, 72.720801], [143.51582, 72.698242], [143.680957, 72.673193], [144.303906, 72.643018], [144.568652, 72.609912], [145.199316, 72.570215], [145.485742, 72.54209], [145.71416, 72.497363], [146.083301, 72.471387], [146.25293, 72.442236], [146.234766, 72.349707], [145.46709, 72.362061], [145.212891, 72.392676], [144.897461, 72.39624], [144.776367, 72.382275], [144.587598, 72.305518], [144.360938, 72.265332], [144.169238, 72.258789], [144.294922, 72.192627], [144.470703, 72.174756], [145.03916, 72.259863], [146.594141, 72.302441], [146.831836, 72.29541], [146.807031, 72.236572], [146.599219, 72.123535], [146.40166, 72.035498], [146.113281, 71.944971], [146.005859, 71.945459], [146.230273, 72.1375], [146.137305, 72.146484], [146.051465, 72.142285], [145.799414, 72.221875], [145.758594, 72.225879], [145.709668, 72.206348], [145.710156, 72.177588], [145.664062, 72.066992], [145.756738, 72.020654], [145.756738, 71.941309], [145.407227, 71.890137], [145.271191, 71.894629], [145.125781, 71.927148], [145.063965, 71.926074], [145.046875, 71.901025], [145.077734, 71.854639], [145.07373, 71.830859], [145.017871, 71.793701], [144.989648, 71.753369], [145.075586, 71.707373], [145.188574, 71.695801], [145.804785, 71.746484], [146.073242, 71.80835], [146.367969, 71.92207], [146.894727, 72.19751], [147.127051, 72.292041], [147.261816, 72.327881], [147.433984, 72.340918], [148.402051, 72.311963], [148.964844, 72.252344], [149.501563, 72.164307], [149.766211, 72.09126], [149.963086, 71.992188], [149.998145, 71.950488], [150.016895, 71.895654], [149.881055, 71.843018], [149.279688, 71.825537], [149.04873, 71.795752], [148.965332, 71.762793], [148.954883, 71.744141], [148.92334, 71.714648], [148.968164, 71.690479], [149.237891, 71.687939], [149.498047, 71.664014], [149.857129, 71.601465], [149.912695, 71.580713], [150.026465, 71.521338], [150.06084, 71.51084], [150.599805, 71.520117], [150.634863, 71.498877], [150.667773, 71.455225], [150.525098, 71.38584], [150.384766, 71.338818], [150.097656, 71.226562], [150.242969, 71.267188], [150.82168, 71.362891], [150.967773, 71.380469], [151.145313, 71.37373], [151.582422, 71.286963], [151.759766, 71.217822], [152.092773, 71.023291], [151.999805, 71.00249], [151.762012, 70.982471], [152.508789, 70.834473], [152.79834, 70.835645], [153.460645, 70.878613], [153.794141, 70.87998], [154.413965, 70.974463], [155.029492, 71.034229], [155.595898, 71.038623], [155.895215, 71.095508], [156.68457, 71.09375], [157.447363, 71.074512], [158.037012, 71.039258], [158.702148, 70.93501], [159.350684, 70.790723], [159.72793, 70.649658], [159.804688, 70.604932], [159.911816, 70.506104], [159.958594, 70.423633], [160.006445, 70.309668], [159.983398, 70.221387], [159.889648, 70.158789], [159.831445, 70.081445], [159.83916, 69.98999], [159.729395, 69.870215], [159.83252, 69.784961], [160.119141, 69.729785], [160.739453, 69.655176], [160.910742, 69.606348], [160.928906, 69.458545], [160.982031, 69.334473], [161.035547, 69.098193], [161.14082, 69.038867], [161.309863, 68.982275], [161.340625, 68.905176], [161.129004, 68.653857], [160.99668, 68.60752], [160.856055, 68.53833], [161.104492, 68.5625], [161.230176, 68.653906], [161.365137, 68.822998], [161.495313, 68.849854], [161.565625, 68.905176], [161.565625, 69.063965], [161.480078, 69.201709], [161.480078, 69.300098], [161.536914, 69.379541], [161.945117, 69.545117], [162.166016, 69.611572], [162.375684, 69.649072], [162.944629, 69.682764], [163.201367, 69.714746], [163.498047, 69.693262], [163.705273, 69.701807], [163.945996, 69.735156], [164.15957, 69.719287], [164.513281, 69.609131], [165.760742, 69.584424], [165.980469, 69.545996], [166.820312, 69.499561], [166.884375, 69.499902], [167.073145, 69.554443], [167.628125, 69.740332], [167.856836, 69.728223], [167.950098, 69.69917], [168.047656, 69.625635], [168.15, 69.577393], [168.22998, 69.447021], [168.303027, 69.271484], [168.423047, 69.239502], [168.587598, 69.228369], [168.946191, 69.16333], [169.310645, 69.079541], [169.414648, 68.919629], [169.609863, 68.786035], [170.065625, 68.798682], [170.537598, 68.825391], [170.99541, 69.045312], [170.99668, 69.134717], [170.883789, 69.263623], [170.71416, 69.388232], [170.582227, 69.58335], [170.160938, 69.626563], [170.201172, 69.683203], [170.35957, 69.750977], [170.503125, 69.856543], [170.525391, 69.937891], [170.486816, 70.107568], [170.867969, 70.096045], [171.24668, 70.076123], [171.970508, 70.000342], [172.55957, 69.968359], [172.869238, 69.919775], [173.056348, 69.864941], [173.277441, 69.823828], [173.35332, 69.924023], [173.438672, 69.946826], [173.733398, 69.891113], [173.948047, 69.874121], [174.319434, 69.881641], [174.785547, 69.855664], [175.295605, 69.860059], [175.751172, 69.90415], [175.921484, 69.895313], [176.10752, 69.860303], [176.410449, 69.768506], [176.924414, 69.645996], [177.394531, 69.611621], [177.933691, 69.495605], [178.442773, 69.452979], [178.84834, 69.387207], [178.906934, 69.362109], [178.925, 69.325977], [178.950684, 69.295801], [179.272656, 69.259668], [179.868262, 69.012695], [180, 68.983447], [180, 65.067236], [179.827344, 65.03418], [179.651367, 64.920947], [179.448242, 64.822021], [179.15, 64.781592], [178.698438, 64.631104], [178.519531, 64.602979], [178.285352, 64.672266], [177.748633, 64.717041], [177.581641, 64.777881], [177.337012, 64.931348], [177.251855, 64.953613], [177.179199, 65.014111], [176.880859, 65.081934], [176.624805, 65.037598], [176.413086, 65.07124], [176.341016, 65.047314], [176.452148, 65.025244], [176.645508, 65.007178], [176.940039, 65.016016], [177.037305, 64.999658], [177.123438, 64.947021], [177.222852, 64.86167], [177.148242, 64.804834], [177.06875, 64.78667], [176.831055, 64.849219], [176.556641, 64.83999], [176.429492, 64.855176], [176.061133, 64.960889], [175.781152, 64.844043], [175.396484, 64.783691], [175.097754, 64.776855], [174.548828, 64.683887], [174.698633, 64.681445], [175.09707, 64.746631], [175.330664, 64.746631], [175.67793, 64.782471], [175.858594, 64.825293], [175.945898, 64.865186], [176.056543, 64.904736], [176.169238, 64.884766], [176.246973, 64.843018], [176.300879, 64.783838], [176.350977, 64.705127], [176.283203, 64.663818], [176.219434, 64.641943], [176.140918, 64.58584], [176.507617, 64.682422], [176.730957, 64.624854], [176.842871, 64.633789], [177.049805, 64.719238], [177.3875, 64.774023], [177.427441, 64.763379], [177.467188, 64.736816], [177.409863, 64.572803], [177.43291, 64.444482], [177.6875, 64.304736], [177.95332, 64.222266], [178.044727, 64.21958], [178.130566, 64.235254], [178.163965, 64.309082], [178.229492, 64.364404], [178.312988, 64.314404], [178.381445, 64.260889], [178.477148, 64.127881], [178.474805, 64.089014], [178.451367, 64.011377], [178.536035, 63.975635], [178.650293, 63.965283], [178.69248, 63.842334], [178.731445, 63.66709], [178.681348, 63.650732], [178.625977, 63.650732], [178.44043, 63.605566], [178.466113, 63.574072], [178.653711, 63.556641], [178.706445, 63.521533], [178.668848, 63.439941], [178.678711, 63.402295], [178.744043, 63.394775], [178.786719, 63.442432], [178.775391, 63.510254], [178.792969, 63.540332], [178.918555, 63.400244], [178.921484, 63.34502], [179.028125, 63.282422], [179.332324, 63.190186], [179.388574, 63.147217], [179.405078, 63.077734], [179.329004, 63.05791], [179.25957, 63.008301], [179.302148, 62.939844], [179.381055, 62.883691], [179.510938, 62.862793], [179.570508, 62.773486], [179.570508, 62.6875], [179.477246, 62.613086], [179.288672, 62.510352], [179.176953, 62.469189], [179.133887, 62.396436], [179.120703, 62.320361], [179.044629, 62.323682], [178.963867, 62.355273], [178.019238, 62.546973], [177.663086, 62.582813], [177.35127, 62.587451], [177.292578, 62.599023], [177.295898, 62.644482], [177.31582, 62.685254], [177.359668, 62.736963], [177.338965, 62.781348], [177.29834, 62.784229], [177.258691, 62.750439], [177.172656, 62.750342], [177.091211, 62.789551], [177.023535, 62.777246], [176.990039, 62.722217], [176.963477, 62.693262], [176.964746, 62.658643], [177.008008, 62.626562], [177.189648, 62.591602], [177.159473, 62.560986], [176.907422, 62.536084], [176.702539, 62.505762], [176.436523, 62.41084], [176.328418, 62.346045], [175.613867, 62.184375], [175.441992, 62.12793], [175.36582, 62.121338], [175.267871, 62.102393], [175.192383, 62.034424], [174.797559, 61.938867], [174.715039, 61.9479], [174.610547, 61.867627], [174.514355, 61.823633], [174.284961, 61.817529], [174.138867, 61.795166], [173.822363, 61.679395], [173.623438, 61.716064], [173.390723, 61.556738], [173.131836, 61.406641], [173.05459, 61.406201], [172.856543, 61.469189], [172.806836, 61.436133], [172.837891, 61.375586], [172.908008, 61.311621], [172.867773, 61.293066], [172.789062, 61.310693], [172.730664, 61.314404], [172.690039, 61.295166], [172.696973, 61.249316], [172.584766, 61.19043], [172.49707, 61.185889], [172.396094, 61.167383], [172.362402, 61.116602], [172.392773, 61.061768], [172.213281, 60.997852], [172.067285, 60.915674], [171.997656, 60.900684], [171.917969, 60.864111], [171.830566, 60.837354], [171.729492, 60.843115], [171.489746, 60.725732], [170.949316, 60.522949], [170.799316, 60.496484], [170.608203, 60.434912], [170.589746, 60.393701], [170.588574, 60.342871], [170.512305, 60.259521], [170.423438, 60.047803], [170.396484, 60.009766], [170.350977, 59.965527], [170.154102, 59.986084], [169.982617, 60.06709], [169.927246, 60.104248], [169.897559, 60.147852], [169.887012, 60.21792], [169.854297, 60.250244], [169.814746, 60.265381], [169.618359, 60.438037], [169.275684, 60.556641], [169.226758, 60.595947], [168.788281, 60.563818], [168.670313, 60.562891], [168.462793, 60.592236], [168.1375, 60.573926], [167.745996, 60.509326], [167.626074, 60.468945], [167.226758, 60.406299], [166.964063, 60.307031], [166.452539, 59.947021], [166.331836, 59.872412], [166.273047, 59.85625], [166.186523, 59.849463], [166.148926, 59.92207], [166.136035, 59.979346], [166.168359, 60.088818], [166.229785, 60.17832], [166.29248, 60.346094], [166.308105, 60.414258], [166.352148, 60.484814], [166.180176, 60.480371], [165.941992, 60.356885], [165.583008, 60.236475], [165.41582, 60.205176], [165.285254, 60.134912], [165.192578, 60.124756], [165.08457, 60.098584], [165.073633, 59.945605], [165.018945, 59.860742], [164.953711, 59.843604], [164.854297, 59.840967], [164.779395, 59.874219], [164.669727, 59.997461], [164.525293, 60.061279], [164.440039, 60.072705], [164.376855, 60.058057], [164.251563, 59.973779], [164.113281, 59.897559], [164.135059, 59.984375], [164.017578, 60.017334], [163.912891, 60.037061], [163.780078, 60.041113], [163.743848, 60.028027], [163.690039, 59.978418], [163.574316, 59.914062], [163.49375, 59.886768], [163.409961, 59.834961], [163.364844, 59.781445], [163.321191, 59.70542], [163.269043, 59.52002], [163.272852, 59.302588], [163.084863, 59.131396], [163.010156, 59.148291], [162.974902, 59.137061], [162.940039, 59.114307], [163.004297, 59.020166], [162.969824, 58.986475], [162.93457, 58.963965], [162.847266, 58.939258], [162.643359, 58.799902], [162.453027, 58.708594], [162.141602, 58.447412], [162.049219, 58.272852], [161.960059, 58.076904], [162.001953, 57.980957], [162.039648, 57.918262], [162.097949, 57.874658], [162.197461, 57.82915], [162.411426, 57.778369], [162.392188, 57.74502], [162.391406, 57.717236], [162.466992, 57.766211], [162.521973, 57.904102], [162.654297, 57.948242], [162.718359, 57.946094], [163.14502, 57.837305], [163.225781, 57.790381], [163.213867, 57.686816], [163.187891, 57.637402], [163.108789, 57.564844], [162.957031, 57.47749], [162.779297, 57.357617], [162.762305, 57.284082], [162.761523, 57.243945], [162.808105, 57.102783], [162.814844, 57.023389], [162.791113, 56.875391], [162.802637, 56.811475], [162.849902, 56.756836], [162.92207, 56.722656], [163.046387, 56.741309], [163.16543, 56.725488], [163.256543, 56.688037], [163.243262, 56.564551], [163.294043, 56.447705], [163.335547, 56.23252], [163.261328, 56.17373], [163.189258, 56.137012], [163.047363, 56.044678], [162.97168, 56.033789], [162.840332, 56.065625], [162.628125, 56.232275], [162.713184, 56.330859], [162.893262, 56.399463], [162.975195, 56.449023], [163.038379, 56.521875], [162.944141, 56.508057], [162.877637, 56.476367], [162.671484, 56.490088], [162.589063, 56.454932], [162.488672, 56.399121], [162.528223, 56.260693], [162.461133, 56.235498], [162.334082, 56.187744], [162.146094, 56.128271], [162.084961, 56.089648], [161.924023, 55.840381], [161.775586, 55.654834], [161.723926, 55.496143], [161.729395, 55.358008], [161.784961, 55.205322], [161.824219, 55.138916], [161.996094, 54.997998], [162.080273, 54.886133], [162.105566, 54.752148], [161.966895, 54.688672], [161.725684, 54.532959], [161.624805, 54.51626], [161.294043, 54.520557], [161.129883, 54.598242], [160.935547, 54.578369], [160.772656, 54.541357], [160.517188, 54.430859], [160.288867, 54.288232], [160.074414, 54.18916], [160.010156, 54.130859], [159.921777, 54.008398], [159.84375, 53.783643], [159.870898, 53.672656], [159.914258, 53.62085], [159.955859, 53.552197], [159.899121, 53.447705], [159.897656, 53.380762], [160.002148, 53.274902], [160.025098, 53.12959], [159.947461, 53.125098], [159.771582, 53.229687], [159.585938, 53.237695], [159.136133, 53.117139], [158.952051, 53.047559], [158.74541, 52.908936], [158.683691, 52.9354], [158.639551, 53.014795], [158.564648, 53.05], [158.47207, 53.032373], [158.432324, 52.957422], [158.560156, 52.922168], [158.608789, 52.873633], [158.533691, 52.688428], [158.480762, 52.62666], [158.500391, 52.460303], [158.493164, 52.383154], [158.463477, 52.30498], [158.331641, 52.090869], [158.103516, 51.809619], [157.823242, 51.605322], [157.628906, 51.53457], [157.530957, 51.479883], [157.489844, 51.408936], [157.202246, 51.212744], [156.847461, 51.006592], [156.747754, 50.969287], [156.724316, 51.04707], [156.713477, 51.124121], [156.670801, 51.226855], [156.543457, 51.311621], [156.521191, 51.380273], [156.500391, 51.475098], [156.489844, 51.913037], [156.377344, 52.366553], [156.364746, 52.509375], [156.228613, 52.62627], [156.154395, 52.747266], [156.110352, 52.866162], [156.098828, 53.006494], [155.950195, 53.744287], [155.904883, 53.928125], [155.706445, 54.521484], [155.620313, 54.864551], [155.563867, 55.199121], [155.554883, 55.348486], [155.643457, 55.793555], [155.716602, 56.072217], [155.98252, 56.695215], [156.025391, 56.752002], [156.06748, 56.781592], [156.529297, 57.021191], [156.728418, 57.152246], [156.848828, 57.290186], [156.976758, 57.466309], [156.963574, 57.560938], [156.948242, 57.615771], [156.899902, 57.676904], [156.791602, 57.747949], [156.829883, 57.779639], [156.871973, 57.803662], [156.985742, 57.830176], [157.216797, 57.776807], [157.450391, 57.799268], [157.666406, 58.019775], [157.974609, 57.985937], [158.210449, 58.025293], [158.275195, 58.008984], [158.321094, 58.083447], [158.449414, 58.162842], [158.687012, 58.281348], [159.036914, 58.423926], [159.210645, 58.519434], [159.308398, 58.610547], [159.452637, 58.695947], [159.591504, 58.803662], [159.847363, 59.127148], [160.350391, 59.394043], [160.547461, 59.547363], [160.711426, 59.60166], [160.855273, 59.626855], [161.218945, 59.845605], [161.449316, 60.027344], [161.753516, 60.152295], [161.845996, 60.232227], [162.003613, 60.420166], [162.068164, 60.466406], [162.266309, 60.536719], [162.713184, 60.659473], [162.973145, 60.78291], [163.352344, 60.800439], [163.466406, 60.849756], [163.585156, 60.877148], [163.709961, 60.916797], [163.553516, 61.025635], [163.589258, 61.084375], [163.619629, 61.111328], [163.893359, 61.240479], [164.005469, 61.343799], [163.99209, 61.388232], [163.972754, 61.419873], [163.804395, 61.461377], [163.837109, 61.558252], [163.882715, 61.640137], [164.019531, 61.710693], [164.067969, 61.873877], [164.074219, 62.04502], [164.207227, 62.292236], [164.2875, 62.346631], [164.59834, 62.470557], [164.670703, 62.473779], [164.887695, 62.431885], [165.124121, 62.411523], [165.208105, 62.373975], [165.225684, 62.405762], [165.213867, 62.448193], [165.280371, 62.462988], [165.417383, 62.44707], [165.396582, 62.493896], [165.044043, 62.516992], [164.792383, 62.571094], [164.566992, 62.675488], [164.418359, 62.704639], [164.255664, 62.696582], [163.331738, 62.550928], [163.287109, 62.511426], [163.244238, 62.455371], [163.302148, 62.372998], [163.258008, 62.336914], [163.213281, 62.313428], [163.163477, 62.25957], [163.118457, 62.15293], [163.131055, 62.049902], [163.017676, 61.891064], [163.009277, 61.791504], [163.207617, 61.736572], [163.257812, 61.699463], [163.197852, 61.644775], [163.138867, 61.611426], [163.085254, 61.570557], [163.047266, 61.554053], [162.993945, 61.544189], [162.92168, 61.597705], [162.855957, 61.705029], [162.752344, 61.711279], [162.717871, 61.695117], [162.699023, 61.652588], [162.607617, 61.650049], [162.506445, 61.670117], [162.392578, 61.662109], [162.188379, 61.540674], [161.037109, 60.962891], [160.915039, 60.892676], [160.766602, 60.75332], [160.482031, 60.739844], [160.368164, 60.708545], [160.287305, 60.667041], [160.173633, 60.638428], [160.177344, 60.690723], [160.201074, 60.729639], [160.225781, 60.831543], [160.378906, 61.025488], [160.28125, 61.044775], [160.184277, 61.047656], [160.004004, 61.007422], [159.883105, 60.943408], [159.79043, 60.956641], [159.83457, 61.013965], [159.949219, 61.128613], [159.913965, 61.234473], [159.883105, 61.291797], [159.930859, 61.323926], [160.162695, 61.5375], [160.246875, 61.647607], [160.317383, 61.793359], [160.321484, 61.838574], [160.309375, 61.894385], [160.237793, 61.903857], [160.18252, 61.902832], [159.722168, 61.758398], [159.552344, 61.719482], [159.496289, 61.781445], [159.423047, 61.808057], [159.29502, 61.91416], [159.189258, 61.929395], [159.07666, 61.922266], [158.824316, 61.850244], [158.547168, 61.810889], [158.333691, 61.825684], [158.151563, 61.764844], [158.070117, 61.753613], [157.799316, 61.795264], [157.469336, 61.798926], [157.370703, 61.74707], [157.08418, 61.675684], [156.891797, 61.565186], [156.790625, 61.529639], [156.680273, 61.480615], [156.629688, 61.272461], [156.482617, 61.206006], [156.344141, 61.155078], [156.055957, 60.995605], [155.85332, 60.777148], [155.716113, 60.682373], [155.427832, 60.549854], [154.970801, 60.37666], [154.578223, 60.09502], [154.440723, 59.883789], [154.389844, 59.876758], [154.293066, 59.83335], [154.266602, 59.730371], [154.268848, 59.658398], [154.20918, 59.600342], [154.149805, 59.528516], [154.212891, 59.483398], [154.272168, 59.475146], [154.357617, 59.481445], [154.58252, 59.540088], [154.971289, 59.449609], [155.166699, 59.360156], [155.153027, 59.270215], [155.160449, 59.190137], [155.016699, 59.195605], [154.82373, 59.187549], [154.703516, 59.141309], [154.458008, 59.216553], [154.375977, 59.187842], [154.24668, 59.108594], [154.010938, 59.075537], [153.891699, 59.11416], [153.695215, 59.224756], [153.361133, 59.214795], [153.272949, 59.091309], [153.196094, 59.094434], [153.077734, 59.081885], [152.882227, 58.939062], [152.817871, 58.92627], [152.575586, 58.954102], [152.400684, 59.026416], [152.319629, 59.030762], [152.165234, 58.997021], [152.087891, 58.910449], [151.70459, 58.866699], [151.326758, 58.875098], [151.121094, 59.08252], [151.50498, 59.164014], [151.733496, 59.14668], [151.990039, 59.160059], [152.260645, 59.223584], [152.169531, 59.27793], [152.104492, 59.290576], [151.942383, 59.284082], [151.798047, 59.323242], [151.485742, 59.524121], [151.348242, 59.561133], [151.170313, 59.583252], [151.033594, 59.585645], [150.98252, 59.571338], [150.911914, 59.523047], [150.863281, 59.475439], [150.823438, 59.460742], [150.729492, 59.469141], [150.615234, 59.506543], [150.483594, 59.494385], [150.539844, 59.524951], [150.667285, 59.556348], [150.457227, 59.590723], [150.325586, 59.638867], [150.202539, 59.65127], [149.642578, 59.77041], [149.424512, 59.760986], [149.29043, 59.728467], [149.065234, 59.630518], [149.127734, 59.558789], [149.175391, 59.526758], [149.20498, 59.488184], [149.133008, 59.480518], [148.925, 59.475], [148.79707, 59.532324], [148.708887, 59.448535], [148.744141, 59.373535], [148.889648, 59.4], [148.964648, 59.369141], [148.914062, 59.282715], [148.72666, 59.25791], [148.491211, 59.262305], [148.257422, 59.414209], [147.874609, 59.388037], [147.687891, 59.290674], [147.514453, 59.268555], [147.040039, 59.365723], [146.803711, 59.372949], [146.537207, 59.456982], [146.444336, 59.430469], [146.273438, 59.221484], [146.049512, 59.170557], [145.931641, 59.198389], [145.829102, 59.330322], [145.756445, 59.37373], [145.55459, 59.413525], [144.483398, 59.37627], [144.123438, 59.408301], [143.86875, 59.411377], [143.523828, 59.343652], [143.192188, 59.370117], [142.580273, 59.240137], [142.330371, 59.152637], [142.025391, 58.999658], [141.754688, 58.745264], [141.60293, 58.649023], [141.34707, 58.528076], [140.987695, 58.416846], [140.790234, 58.303467], [140.684961, 58.212158], [140.495117, 57.86543], [140.446875, 57.813672], [140.002344, 57.6875], [139.861523, 57.549316], [139.80332, 57.51416], [139.619238, 57.455713], [139.506641, 57.358301], [139.443848, 57.329687], [139.181641, 57.261523], [138.965723, 57.088135], [138.662109, 56.965527], [138.217773, 56.629004], [138.180078, 56.588525], [138.140625, 56.498682], [138.073828, 56.433105], [137.691504, 56.139355], [137.572949, 56.112109], [137.384082, 55.974756], [137.189844, 55.892285], [137.012109, 55.795264], [136.793555, 55.694189], [136.460254, 55.576709], [136.351172, 55.51001], [136.175195, 55.352246], [135.750781, 55.160645], [135.540625, 55.11377], [135.2625, 54.943311], [135.234766, 54.903223], [135.211523, 54.84082], [135.257715, 54.731494], [135.325391, 54.707422], [135.437793, 54.69248], [135.851562, 54.583936], [136.237988, 54.614062], [136.580273, 54.613623], [136.714551, 54.624316], [136.797266, 54.620996], [136.82373, 54.561475], [136.82041, 54.452344], [136.77041, 54.35332], [136.729395, 54.060645], [136.683008, 53.931299], [136.718848, 53.804102], [136.802637, 53.781982], [136.886426, 53.839355], [137.01875, 53.848145], [137.155371, 53.82168], [137.258008, 54.025244], [137.172461, 54.056885], [137.096191, 54.128564], [137.141602, 54.182227], [137.377734, 54.282324], [137.525098, 54.291211], [137.666016, 54.283301], [137.513184, 54.156396], [137.45127, 54.130469], [137.403418, 54.123535], [137.339258, 54.100537], [137.476465, 54.027588], [137.622754, 53.970459], [137.834766, 53.946729], [137.786133, 53.90332], [137.644824, 53.86582], [137.516992, 53.70708], [137.313672, 53.631592], [137.221484, 53.579199], [137.253711, 53.546143], [137.32832, 53.538965], [137.738184, 53.560303], [137.950488, 53.603564], [138.25293, 53.726416], [138.378906, 53.909277], [138.493555, 53.959668], [138.52793, 53.959863], [138.568164, 53.947168], [138.569141, 53.818799], [138.407031, 53.67417], [138.292188, 53.592432], [138.249707, 53.524023], [138.320312, 53.5229], [138.450684, 53.537012], [138.510938, 53.57002], [138.660742, 53.744775], [138.699414, 53.869727], [138.72168, 54.04375], [138.704688, 54.147656], [138.715918, 54.222656], [138.657227, 54.29834], [138.695703, 54.32002], [139.105078, 54.217822], [139.319727, 54.192969], [139.707422, 54.277148], [139.795508, 54.256445], [139.858398, 54.205322], [140.178711, 54.051562], [140.241699, 54.001025], [140.34707, 53.812598], [140.687598, 53.596436], [141.005664, 53.49458], [141.015039, 53.454248], [141.217676, 53.334473], [141.37373, 53.292773], [141.402051, 53.183984], [141.32793, 53.097266], [141.18125, 53.015283], [140.887305, 53.091504], [140.839648, 53.087891], [140.874512, 53.039844], [141.086816, 52.897559], [141.255859, 52.840137], [141.265918, 52.652588], [141.24502, 52.550146], [141.132422, 52.435693], [141.169824, 52.368408], [141.329688, 52.271143], [141.409082, 52.234326], [141.485254, 52.178516], [141.385547, 52.057227], [141.366895, 51.920654], [141.258398, 51.860693], [141.129395, 51.727783], [140.932617, 51.619922], [140.838574, 51.41416], [140.687695, 51.232275], [140.670703, 51.051318], [140.645605, 50.986768], [140.520898, 50.800195], [140.476367, 50.545996], [140.535449, 50.130762], [140.564063, 50.106689], [140.624512, 50.082422], [140.613281, 50.053711], [140.58457, 50.03335], [140.462695, 49.911475], [140.464551, 49.825586], [140.511328, 49.76167], [140.517188, 49.596143], [140.431055, 49.331494], [140.399121, 49.289795], [140.364355, 49.22085], [140.348633, 49.15918], [140.325586, 49.12002], [140.308984, 49.053906], [140.333691, 48.994824], [140.37832, 48.964111], [140.224219, 48.772852], [140.170605, 48.523682], [140.113281, 48.422656], [139.998438, 48.323779], [139.760742, 48.180566], [139.67627, 48.089893], [139.520508, 47.975293], [139.372656, 47.887354], [139.166992, 47.634863], [139.001367, 47.383301], [138.586816, 47.057227], [138.529688, 46.976221], [138.500488, 46.889844], [138.391797, 46.745068], [138.336914, 46.543408], [138.210156, 46.462939], [138.106348, 46.250732], [137.769141, 45.928516], [137.685449, 45.818359], [137.425195, 45.63999], [137.146973, 45.393506], [136.803516, 45.171143], [136.737207, 45.080029], [136.604102, 44.978174], [136.460449, 44.822119], [136.251172, 44.666797], [136.208691, 44.562012], [136.142285, 44.489111], [135.987012, 44.439844], [135.874609, 44.373535], [135.533203, 43.971484], [135.489063, 43.898828], [135.483398, 43.83501], [135.260156, 43.684619], [135.131055, 43.525732], [134.916992, 43.426562], [134.691797, 43.290576], [134.156445, 43.042139], [134.010449, 42.947461], [133.709375, 42.829932], [133.586719, 42.828223], [133.329492, 42.763867], [133.159961, 42.696973], [133.059375, 42.722803], [132.996582, 42.808008], [132.923926, 42.805273], [132.863574, 42.79375], [132.708984, 42.87583], [132.576465, 42.871582], [132.481348, 42.909766], [132.303809, 42.883301], [132.334375, 43.238672], [132.30957, 43.313525], [132.233203, 43.245068], [132.028711, 43.118945], [131.947266, 43.09541], [131.866602, 43.095166], [131.89834, 43.170752], [132.013086, 43.280029], [131.97627, 43.296045], [131.938965, 43.301953], [131.794727, 43.255273], [131.72207, 43.202637], [131.516406, 42.996436], [131.393262, 42.822314], [131.29248, 42.772119], [131.245313, 42.697412], [131.158301, 42.626025], [131.024805, 42.645166], [130.945703, 42.633936], [130.756152, 42.673291], [130.709375, 42.656396], [130.83418, 42.522949], [130.729883, 42.325781], [130.687305, 42.302539]]]]}}, {"type": "Feature", "properties": {"name": "Japan"}, "geometry": {"type": "MultiPolygon", "coordinates": [[[[133.370508, 36.203857], [133.324707, 36.166504], [133.239258, 36.17876], [133.189941, 36.232617], [133.206152, 36.293408], [133.295703, 36.340137], [133.38125, 36.246387], [133.370508, 36.203857]]], [[[134.932813, 34.288135], [134.824414, 34.20293], [134.730664, 34.208887], [134.683496, 34.246973], [134.667871, 34.294141], [134.757227, 34.368164], [134.834277, 34.472656], [134.904102, 34.519092], [134.960742, 34.544922], [135.004688, 34.544043], [134.905469, 34.398291], [134.932813, 34.288135]]], [[[130.622754, 30.262988], [130.508203, 30.241406], [130.445605, 30.264697], [130.388086, 30.388184], [130.497168, 30.465527], [130.643555, 30.388965], [130.673242, 30.366895], [130.622754, 30.262988]]], [[[130.959766, 30.396924], [130.872168, 30.386328], [130.870313, 30.444238], [130.939941, 30.575098], [130.947363, 30.671191], [131.012207, 30.792285], [131.039844, 30.818896], [131.060352, 30.828467], [131.082617, 30.790869], [131.057422, 30.64248], [130.992578, 30.52998], [130.959766, 30.396924]]], [[[130.08252, 32.229687], [130.003516, 32.193994], [129.993359, 32.228174], [129.960156, 32.24375], [130.017285, 32.291846], [130.015332, 32.313672], [129.979297, 32.346191], [130.021289, 32.468848], [130.009766, 32.521631], [130.167773, 32.541211], [130.19668, 32.491602], [130.199512, 32.340576], [130.08252, 32.229687]]], [[[129.279492, 34.123389], [129.214453, 34.082812], [129.186426, 34.14502], [129.214844, 34.320654], [129.337109, 34.284766], [129.335059, 34.230811], [129.279492, 34.123389]]], [[[129.385645, 34.353662], [129.365332, 34.305518], [129.297461, 34.3396], [129.266699, 34.370459], [129.329395, 34.521875], [129.32207, 34.579297], [129.325879, 34.607275], [129.451074, 34.686572], [129.472461, 34.671338], [129.480176, 34.649463], [129.469141, 34.615527], [129.475391, 34.54043], [129.381445, 34.416455], [129.385645, 34.353662]]], [[[128.665332, 32.783887], [128.704102, 32.756885], [128.761035, 32.772363], [128.806055, 32.775977], [128.838574, 32.762891], [128.879395, 32.693311], [128.894531, 32.652148], [128.821289, 32.646338], [128.79043, 32.636719], [128.750488, 32.586133], [128.692969, 32.604736], [128.657324, 32.628418], [128.649121, 32.662012], [128.665332, 32.783887]]], [[[130.381055, 32.42373], [130.292578, 32.419336], [130.256055, 32.431006], [130.241699, 32.462793], [130.36543, 32.527197], [130.461426, 32.515723], [130.418555, 32.457715], [130.381055, 32.42373]]], [[[134.351855, 34.483643], [134.333203, 34.46377], [134.315332, 34.468945], [134.251855, 34.423047], [134.238086, 34.467041], [134.188281, 34.496338], [134.182129, 34.519238], [134.325977, 34.534375], [134.372266, 34.522363], [134.351855, 34.483643]]], [[[129.076953, 32.840283], [129.051953, 32.829492], [129.019629, 32.919629], [128.997266, 32.951855], [129.034961, 32.969092], [129.109766, 33.132568], [129.123633, 33.067676], [129.152734, 33.00332], [129.181934, 32.993115], [129.153516, 32.946191], [129.111621, 32.928857], [129.076953, 32.840283]]], [[[129.491797, 33.223047], [129.421387, 33.17583], [129.37041, 33.176025], [129.416992, 33.231104], [129.423145, 33.257373], [129.461914, 33.33125], [129.537988, 33.357764], [129.569922, 33.361035], [129.508105, 33.284326], [129.491797, 33.223047]]], [[[129.795703, 33.748828], [129.726562, 33.707324], [129.674805, 33.739697], [129.7, 33.828906], [129.717285, 33.858398], [129.776367, 33.829199], [129.795703, 33.748828]]], [[[132.578418, 34.115186], [132.549414, 34.075098], [132.460938, 34.087256], [132.496289, 34.121973], [132.523535, 34.164062], [132.543457, 34.172656], [132.560156, 34.126904], [132.578418, 34.115186]]], [[[132.266016, 33.945166], [132.314551, 33.908594], [132.430469, 33.923535], [132.444922, 33.913184], [132.411035, 33.879932], [132.359961, 33.847021], [132.267285, 33.871484], [132.208789, 33.872852], [132.200586, 33.927783], [132.208008, 33.947803], [132.266016, 33.945166]]], [[[129.717969, 31.657129], [129.686816, 31.639648], [129.706836, 31.718262], [129.787305, 31.787109], [129.793652, 31.74248], [129.717969, 31.657129]]], [[[131.174609, 33.602588], [131.30918, 33.572754], [131.366016, 33.570898], [131.41875, 33.584424], [131.498828, 33.623584], [131.583008, 33.652393], [131.643066, 33.637793], [131.696289, 33.602832], [131.724219, 33.553809], [131.710645, 33.502344], [131.615527, 33.391846], [131.537402, 33.274072], [131.71709, 33.2521], [131.896582, 33.25459], [131.854688, 33.181641], [131.847852, 33.118066], [131.902734, 33.087793], [131.949316, 33.04707], [131.937207, 33.010156], [131.910449, 32.973682], [132.008594, 32.919043], [132.002148, 32.882373], [131.97666, 32.843945], [131.732129, 32.592822], [131.660352, 32.465625], [131.610352, 32.325488], [131.564648, 32.223047], [131.531152, 32.116748], [131.505664, 32.001953], [131.460254, 31.883496], [131.475293, 31.778418], [131.459961, 31.670801], [131.337207, 31.404687], [131.249707, 31.409619], [131.139746, 31.441846], [131.070801, 31.436865], [131.035156, 31.377686], [131.098438, 31.256152], [130.902246, 31.112061], [130.685742, 31.015137], [130.68418, 31.059277], [130.704492, 31.094092], [130.735742, 31.12207], [130.758398, 31.155811], [130.789746, 31.269092], [130.774219, 31.383203], [130.708984, 31.526074], [130.704199, 31.577441], [130.749414, 31.598193], [130.779785, 31.604102], [130.796289, 31.624072], [130.796875, 31.671289], [130.77627, 31.706299], [130.714551, 31.717676], [130.655078, 31.718408], [130.613477, 31.66543], [130.556055, 31.563086], [130.528125, 31.459668], [130.54043, 31.403076], [130.565918, 31.352393], [130.644531, 31.26748], [130.621484, 31.217529], [130.58877, 31.178516], [130.310645, 31.266895], [130.250586, 31.273193], [130.200684, 31.291895], [130.147266, 31.408496], [130.260547, 31.436572], [130.294141, 31.450684], [130.306641, 31.487793], [130.321973, 31.601465], [130.268945, 31.696338], [130.224219, 31.730078], [130.187891, 31.768848], [130.210938, 31.848975], [130.195801, 31.949854], [130.194434, 32.090771], [130.214063, 32.115039], [130.319141, 32.143506], [130.394922, 32.218994], [130.462012, 32.304932], [130.560352, 32.456055], [130.640527, 32.619238], [130.563281, 32.626367], [130.497852, 32.656934], [130.569434, 32.734131], [130.547266, 32.831592], [130.44043, 32.951367], [130.381738, 33.092578], [130.287305, 33.154785], [130.2375, 33.177637], [130.176855, 33.144531], [130.126855, 33.104834], [130.173145, 33.012988], [130.167773, 32.931787], [130.175, 32.851318], [130.222168, 32.846826], [130.280078, 32.866846], [130.326465, 32.852637], [130.353516, 32.810352], [130.36084, 32.755859], [130.34043, 32.701855], [130.297656, 32.675], [130.245508, 32.677148], [130.192969, 32.706299], [130.152051, 32.747852], [130.054102, 32.770801], [129.950781, 32.721729], [129.852539, 32.621729], [129.768555, 32.570996], [129.808105, 32.645264], [129.826758, 32.725342], [129.785938, 32.781641], [129.690039, 32.875244], [129.667773, 32.929395], [129.662305, 32.994922], [129.679102, 33.059961], [129.777734, 32.985547], [129.82832, 32.892676], [129.900781, 32.851904], [129.991699, 32.851562], [129.921875, 32.987988], [129.896777, 33.022363], [129.79873, 33.083594], [129.665039, 33.186621], [129.580078, 33.236279], [129.610156, 33.343652], [129.659961, 33.36499], [129.702148, 33.359814], [129.844141, 33.321777], [129.85752, 33.375244], [129.836621, 33.403809], [129.825684, 33.437012], [129.919141, 33.483496], [130.07207, 33.521777], [130.103418, 33.539697], [130.130566, 33.578174], [130.167969, 33.598291], [130.275098, 33.597705], [130.365039, 33.634473], [130.439453, 33.734229], [130.457227, 33.788965], [130.483789, 33.834619], [130.669531, 33.915479], [130.715625, 33.927783], [130.839648, 33.917773], [130.953125, 33.872021], [131.009082, 33.77583], [131.058105, 33.672852], [131.174609, 33.602588]]], [[[134.357422, 34.256348], [134.495703, 34.214746], [134.6375, 34.226611], [134.635254, 34.043945], [134.655371, 33.982617], [134.695312, 33.927734], [134.674805, 33.847803], [134.738867, 33.820508], [134.54873, 33.729297], [134.377051, 33.608398], [134.306543, 33.526807], [134.242676, 33.439453], [134.205664, 33.346973], [134.181641, 33.247217], [134.124121, 33.286768], [133.958691, 33.44834], [133.854004, 33.492676], [133.685645, 33.516309], [133.632031, 33.510986], [133.285938, 33.359961], [133.239941, 33.249609], [133.145605, 33.083154], [133.100879, 33.028223], [133.051172, 33.012451], [133.016016, 32.983887], [132.977246, 32.841992], [132.869922, 32.75459], [132.804297, 32.752002], [132.692188, 32.775928], [132.641797, 32.762451], [132.708984, 32.90249], [132.601953, 32.919531], [132.495117, 32.916602], [132.492578, 33.007666], [132.427832, 33.059375], [132.475781, 33.126465], [132.477148, 33.181152], [132.505273, 33.211279], [132.515039, 33.255371], [132.511426, 33.293066], [132.44541, 33.30459], [132.405176, 33.33125], [132.412793, 33.430469], [132.374902, 33.434082], [132.281055, 33.416797], [132.08584, 33.340137], [132.032617, 33.33999], [132.114453, 33.39458], [132.287891, 33.469531], [132.365918, 33.512451], [132.536035, 33.63291], [132.643066, 33.689941], [132.698926, 33.790918], [132.716211, 33.852246], [132.752344, 33.906152], [132.784277, 33.992432], [132.839453, 34.02124], [132.935156, 34.095312], [132.990137, 34.088135], [133.05127, 33.997119], [133.133691, 33.927295], [133.193066, 33.933203], [133.298828, 33.968994], [133.349805, 33.977051], [133.47207, 33.972803], [133.582031, 34.017139], [133.626758, 34.069385], [133.643457, 34.134668], [133.602637, 34.243848], [133.655566, 34.232861], [133.70625, 34.237354], [133.825586, 34.306836], [133.94834, 34.348047], [134.075879, 34.358398], [134.219238, 34.319043], [134.357422, 34.256348]]], [[[141.229297, 41.372656], [141.26875, 41.353809], [141.455469, 41.404736], [141.419922, 41.251172], [141.4, 41.096338], [141.413672, 40.839355], [141.430469, 40.72334], [141.462793, 40.611133], [141.542285, 40.530713], [141.646289, 40.473633], [141.79707, 40.291162], [141.87793, 40.067236], [141.935059, 39.958496], [141.977832, 39.844434], [141.99082, 39.792236], [141.991895, 39.739893], [141.979102, 39.668359], [141.993164, 39.610547], [141.976953, 39.428809], [141.909473, 39.218701], [141.900781, 39.111328], [141.84209, 39.090039], [141.806543, 39.04043], [141.776172, 39.017432], [141.74248, 38.999609], [141.693555, 38.995166], [141.658594, 38.974854], [141.644727, 38.91792], [141.622266, 38.865137], [141.579688, 38.816504], [141.546289, 38.762842], [141.51875, 38.632031], [141.508789, 38.497852], [141.46748, 38.40415], [141.368164, 38.379736], [141.254297, 38.381396], [141.108398, 38.337939], [141.077344, 38.312549], [140.962109, 38.148877], [140.929004, 38.052881], [140.92793, 37.949609], [140.959961, 37.822607], [141.003418, 37.698437], [141.036328, 37.467236], [141.00166, 37.114648], [140.968359, 37.002051], [140.895117, 36.925732], [140.839648, 36.890332], [140.791797, 36.846875], [140.729883, 36.731885], [140.627344, 36.502783], [140.618848, 36.445312], [140.619238, 36.385596], [140.591602, 36.307812], [140.573535, 36.231348], [140.59043, 36.142432], [140.621973, 36.059229], [140.75957, 35.845703], [140.813477, 35.78252], [140.874023, 35.724951], [140.639258, 35.661279], [140.596875, 35.632031], [140.457422, 35.510254], [140.412891, 35.394775], [140.416504, 35.266992], [140.392969, 35.221143], [140.354688, 35.181445], [140.314746, 35.155029], [140.158887, 35.096484], [140.05918, 35.038281], [139.959766, 34.947314], [139.92041, 34.899609], [139.843945, 34.914893], [139.799219, 34.956934], [139.843262, 35.009863], [139.829688, 35.072168], [139.851465, 35.232324], [139.826465, 35.29668], [139.906152, 35.345264], [139.944141, 35.422998], [140.027148, 35.485205], [140.086328, 35.54043], [140.096875, 35.585156], [140.043652, 35.63335], [139.9875, 35.668213], [139.909766, 35.668359], [139.834766, 35.658057], [139.786328, 35.612109], [139.770117, 35.549561], [139.773926, 35.520361], [139.767773, 35.494824], [139.65, 35.409131], [139.665527, 35.319482], [139.7, 35.273975], [139.744043, 35.252393], [139.730859, 35.221533], [139.675, 35.149268], [139.635938, 35.142139], [139.564063, 35.243262], [139.474414, 35.298535], [139.363477, 35.298096], [139.249414, 35.278027], [139.162695, 35.210742], [139.134082, 35.154883], [139.11582, 35.097119], [139.121973, 34.956494], [139.086035, 34.83916], [139.015625, 34.736035], [138.982617, 34.698389], [138.89668, 34.628418], [138.8375, 34.619238], [138.795117, 34.651025], [138.761035, 34.699219], [138.804492, 34.875732], [138.802734, 34.974805], [138.903613, 35.025244], [138.820898, 35.095703], [138.719629, 35.124072], [138.577148, 35.086475], [138.537012, 35.044141], [138.50957, 34.987158], [138.433105, 34.915186], [138.348633, 34.847705], [138.253223, 34.732666], [138.189063, 34.596338], [137.979004, 34.640918], [137.864258, 34.650879], [137.748535, 34.647412], [137.543359, 34.664209], [137.318066, 34.636377], [137.061719, 34.582812], [137.077051, 34.621436], [137.287793, 34.703516], [137.29541, 34.727588], [137.275195, 34.77251], [137.222656, 34.774707], [137.096582, 34.759033], [137.032227, 34.765918], [137.005957, 34.814111], [136.963281, 34.834912], [136.934766, 34.815186], [136.944141, 34.721533], [136.912891, 34.709033], [136.871289, 34.733105], [136.88457, 34.805859], [136.856152, 34.9125], [136.85293, 34.978711], [136.89707, 35.035547], [136.851855, 35.059521], [136.804199, 35.050293], [136.743555, 35.022998], [136.690039, 34.984131], [136.576953, 34.789551], [136.533008, 34.678369], [136.61582, 34.589062], [136.841602, 34.464209], [136.880273, 34.433594], [136.881152, 34.380469], [136.853711, 34.324072], [136.792188, 34.299268], [136.544434, 34.257715], [136.329883, 34.176855], [136.267871, 34.094873], [136.072559, 33.778223], [135.916211, 33.561719], [135.695312, 33.486963], [135.452832, 33.553369], [135.394238, 33.62876], [135.346777, 33.721973], [135.256641, 33.80625], [135.175391, 33.898047], [135.12793, 34.006982], [135.135352, 34.182617], [135.100098, 34.288379], [135.131934, 34.316553], [135.265625, 34.380811], [135.309277, 34.416797], [135.384766, 34.500439], [135.411816, 34.546973], [135.415918, 34.61748], [135.355176, 34.654297], [135.198242, 34.65293], [135.041699, 34.631006], [134.929883, 34.661816], [134.784961, 34.74707], [134.740039, 34.765234], [134.583789, 34.770605], [134.472266, 34.754785], [134.362695, 34.723682], [134.246875, 34.713867], [134.208301, 34.697656], [134.074512, 34.593115], [133.968262, 34.527295], [133.876367, 34.494629], [133.67793, 34.485889], [133.578613, 34.464697], [133.474414, 34.430127], [133.445312, 34.433154], [133.335645, 34.385352], [133.209766, 34.343994], [133.142383, 34.302441], [133.018945, 34.32959], [132.774609, 34.255225], [132.656543, 34.246094], [132.534473, 34.287061], [132.421289, 34.353369], [132.312598, 34.324951], [132.238086, 34.227002], [132.201953, 34.032031], [132.159375, 33.944238], [132.146484, 33.83877], [132.090234, 33.855469], [131.763184, 34.045264], [131.740527, 34.052051], [131.476172, 34.019385], [131.40791, 34.003613], [131.322754, 33.965186], [131.232617, 33.947998], [131.150391, 33.975635], [131.071875, 34.020654], [130.996387, 34.007275], [130.918848, 33.975732], [130.889258, 34.261816], [130.904297, 34.299561], [130.951855, 34.349707], [131.004199, 34.392578], [131.132227, 34.407373], [131.261816, 34.393457], [131.354395, 34.413184], [131.43252, 34.469824], [131.515039, 34.550146], [131.608008, 34.615479], [131.734082, 34.66709], [131.856055, 34.726318], [131.963086, 34.809375], [132.064746, 34.9], [132.158203, 34.966504], [132.25957, 35.022314], [132.414062, 35.156299], [132.619043, 35.306836], [132.697656, 35.418311], [132.746582, 35.449023], [132.922949, 35.511279], [133.156934, 35.558838], [133.267188, 35.556543], [133.376465, 35.458838], [133.435352, 35.472217], [133.494922, 35.497461], [133.61543, 35.511426], [133.739355, 35.495264], [133.860254, 35.494873], [133.98125, 35.507227], [134.214063, 35.539258], [134.336523, 35.57793], [134.456055, 35.62793], [134.882227, 35.663232], [135.174316, 35.74707], [135.220508, 35.741113], [135.26543, 35.721777], [135.26875, 35.659668], [135.232031, 35.591895], [135.267773, 35.550879], [135.326953, 35.525537], [135.601855, 35.517725], [135.680273, 35.503125], [135.79502, 35.549512], [135.903125, 35.606885], [136.016211, 35.68252], [136.095313, 35.767627], [136.022266, 35.874121], [136.00625, 35.990576], [136.06748, 36.116846], [136.15625, 36.22334], [136.261816, 36.287695], [136.358984, 36.361768], [136.555859, 36.571973], [136.698145, 36.742041], [136.749316, 36.951025], [136.719238, 37.198389], [136.843457, 37.382129], [136.962305, 37.413672], [137.198633, 37.497461], [137.322656, 37.52207], [137.341211, 37.485449], [137.3375, 37.437451], [137.152051, 37.283154], [137.045801, 37.219727], [136.982227, 37.200049], [136.924023, 37.171973], [136.899902, 37.117676], [136.994434, 37.026758], [137.018555, 36.959619], [137.012695, 36.895117], [137.016699, 36.837207], [137.12373, 36.774072], [137.246289, 36.753174], [137.297656, 36.75376], [137.342578, 36.770361], [137.482617, 36.924756], [137.514063, 36.951562], [137.913184, 37.0646], [138.10957, 37.151074], [138.218066, 37.173389], [138.319922, 37.218408], [138.54834, 37.392139], [138.632812, 37.472168], [138.709375, 37.560645], [138.770605, 37.663428], [138.818848, 37.774707], [138.885059, 37.843945], [139.247168, 38.009082], [139.363867, 38.099023], [139.400977, 38.142578], [139.445801, 38.26875], [139.476758, 38.399805], [139.520801, 38.502539], [139.580176, 38.598877], [139.659766, 38.697021], [139.749121, 38.788135], [139.801953, 38.881592], [139.878613, 39.104932], [139.912305, 39.228564], [139.938574, 39.273145], [139.977148, 39.310645], [140.01084, 39.358057], [140.036523, 39.411133], [140.048145, 39.463721], [140.064746, 39.624414], [140.054688, 39.749268], [139.994727, 39.855078], [139.945215, 39.885107], [139.891211, 39.886865], [139.810352, 39.877734], [139.741504, 39.92085], [139.755469, 39.958936], [139.825684, 39.966016], [139.873633, 39.985693], [139.908008, 40.021729], [139.972461, 40.136963], [140.011133, 40.260352], [140.014453, 40.314893], [139.964063, 40.414307], [139.923926, 40.533887], [139.922852, 40.598437], [139.966699, 40.672754], [140.029297, 40.733154], [140.085352, 40.747363], [140.146094, 40.751562], [140.20127, 40.774902], [140.252344, 40.808789], [140.28125, 40.846094], [140.32627, 40.947656], [140.343555, 41.005664], [140.315234, 41.160889], [140.344434, 41.20332], [140.385938, 41.229785], [140.441309, 41.209668], [140.498047, 41.205664], [140.56416, 41.211816], [140.627637, 41.19541], [140.639648, 41.155615], [140.679395, 40.893262], [140.702441, 40.857812], [140.748633, 40.830322], [140.800781, 40.834326], [140.845801, 40.875146], [140.876172, 40.929541], [140.936035, 40.940771], [141.118555, 40.882275], [141.183203, 40.924023], [141.225391, 40.988477], [141.262109, 41.102686], [141.244238, 41.205615], [141.200391, 41.243604], [141.155078, 41.236719], [141.115039, 41.208496], [141.07041, 41.193066], [140.800586, 41.138818], [140.801855, 41.253662], [140.85957, 41.425439], [140.891504, 41.479785], [140.936914, 41.505566], [141.050195, 41.475732], [141.105859, 41.455859], [141.229297, 41.372656]]]]}}, {"type": "Feature", "properties": {"name": "China"}, "geometry": {"type": "MultiPolygon", "coordinates": [[[[121.862695, 31.492285], [121.780469, 31.46377], [121.519922, 31.549609], [121.336426, 31.64375], [121.226855, 31.758105], [121.211133, 31.805371], [121.338965, 31.797363], [121.46416, 31.756445], [121.491797, 31.693652], [121.542285, 31.673926], [121.576563, 31.637305], [121.808301, 31.552148], [121.843652, 31.526367], [121.862695, 31.492285]]], [[[122.295898, 29.963428], [122.281543, 29.943848], [122.157813, 30.00127], [122.024023, 30.01333], [121.977832, 30.063818], [121.969434, 30.143115], [122.110547, 30.139746], [122.284473, 30.068018], [122.322266, 30.031396], [122.295898, 29.963428]]], [[[107.972656, 21.507959], [107.908398, 21.5604], [107.802051, 21.645166], [107.759277, 21.655029], [107.641016, 21.613916], [107.471387, 21.59834], [107.433496, 21.642285], [107.351172, 21.608887], [107.27207, 21.710645], [107.178516, 21.71709], [107.061621, 21.794189], [107.019824, 21.834863], [107.006445, 21.893408], [106.970996, 21.923926], [106.925195, 21.920117], [106.874512, 21.95127], [106.794141, 21.981982], [106.729492, 22.000342], [106.697656, 21.986182], [106.663574, 21.978906], [106.657715, 22.018213], [106.660059, 22.136475], [106.654199, 22.241455], [106.636523, 22.288623], [106.593164, 22.324512], [106.553613, 22.341699], [106.536328, 22.39541], [106.550391, 22.501367], [106.582422, 22.573242], [106.633105, 22.586035], [106.701563, 22.637744], [106.736328, 22.710938], [106.780273, 22.778906], [106.624023, 22.874268], [106.541797, 22.90835], [106.450879, 22.893896], [106.338086, 22.863477], [106.279004, 22.857471], [106.249414, 22.869434], [106.183984, 22.955127], [106.148438, 22.970068], [106.068457, 22.975537], [106.000977, 22.974756], [105.962305, 22.937451], [105.902637, 22.924951], [105.842969, 22.922803], [105.782324, 22.969336], [105.691211, 23.029932], [105.548145, 23.072656], [105.530859, 23.121973], [105.494531, 23.180859], [105.440137, 23.235352], [105.350488, 23.307666], [105.275391, 23.345215], [105.23877, 23.322119], [105.189063, 23.281055], [104.995703, 23.194336], [104.910156, 23.160547], [104.864746, 23.136377], [104.826563, 23.100195], [104.814746, 23.010791], [104.795703, 22.911133], [104.740039, 22.860498], [104.687305, 22.822217], [104.631738, 22.818213], [104.577539, 22.82002], [104.526855, 22.804102], [104.371777, 22.704053], [104.29834, 22.712012], [104.238281, 22.768506], [104.2125, 22.809424], [104.143066, 22.800146], [104.053906, 22.752295], [104.012695, 22.666357], [103.99082, 22.586133], [103.971387, 22.550488], [103.941504, 22.540088], [103.915039, 22.538232], [103.637305, 22.77002], [103.620215, 22.782031], [103.570703, 22.734424], [103.525391, 22.611572], [103.492969, 22.587988], [103.470996, 22.597412], [103.356055, 22.754688], [103.32666, 22.769775], [103.300586, 22.764404], [103.266309, 22.713525], [103.193359, 22.638525], [103.137598, 22.592969], [103.136328, 22.542236], [103.075879, 22.49751], [103.005371, 22.452979], [102.981934, 22.448242], [102.935156, 22.466162], [102.874219, 22.525391], [102.830078, 22.587158], [102.720996, 22.648486], [102.598535, 22.700391], [102.517188, 22.741016], [102.470898, 22.750928], [102.42793, 22.732812], [102.406445, 22.708008], [102.375781, 22.646631], [102.302246, 22.545996], [102.237012, 22.466016], [102.175977, 22.414648], [102.127441, 22.379199], [102.091504, 22.412256], [102.024414, 22.439209], [101.94541, 22.439404], [101.841797, 22.388477], [101.759961, 22.490332], [101.73877, 22.495264], [101.70752, 22.486572], [101.671484, 22.462305], [101.646191, 22.40542], [101.619922, 22.327441], [101.567871, 22.276367], [101.524512, 22.253662], [101.537305, 22.209863], [101.561816, 22.162402], [101.560254, 22.120898], [101.575781, 22.055273], [101.60293, 21.989697], [101.699609, 21.882471], [101.736523, 21.826514], [101.743945, 21.777979], [101.747266, 21.605762], [101.743457, 21.533838], [101.724219, 21.39502], [101.722949, 21.314941], [101.763086, 21.278906], [101.802051, 21.235986], [101.800586, 21.212598], [101.783496, 21.20415], [101.728125, 21.156396], [101.704785, 21.150146], [101.668555, 21.169629], [101.62168, 21.184424], [101.583887, 21.203564], [101.542383, 21.234277], [101.443555, 21.230811], [101.281445, 21.184131], [101.247852, 21.197314], [101.224414, 21.22373], [101.211816, 21.278223], [101.219922, 21.342432], [101.205566, 21.383301], [101.175391, 21.40752], [101.19668, 21.52207], [101.138867, 21.56748], [101.147266, 21.581641], [101.128125, 21.705127], [101.130859, 21.735547], [101.120703, 21.746094], [101.079785, 21.755859], [101.019336, 21.736377], [100.835156, 21.655176], [100.677148, 21.504932], [100.60459, 21.471777], [100.531348, 21.458105], [100.445703, 21.484082], [100.350586, 21.501025], [100.214746, 21.462988], [100.147656, 21.480518], [100.116797, 21.511182], [100.089258, 21.55791], [100.105762, 21.617041], [100.095508, 21.660645], [100.041211, 21.682764], [99.978223, 21.701611], [99.940723, 21.75874], [99.925586, 21.820801], [99.94043, 21.901611], [99.947852, 21.98833], [99.917676, 22.028027], [99.825391, 22.049707], [99.592676, 22.08916], [99.388672, 22.110791], [99.303125, 22.100635], [99.233398, 22.110156], [99.192969, 22.125977], [99.173438, 22.15332], [99.172363, 22.19248], [99.205371, 22.282568], [99.243066, 22.370361], [99.337695, 22.498047], [99.343164, 22.586523], [99.338281, 22.688672], [99.385156, 22.825098], [99.466797, 22.927295], [99.507129, 22.959131], [99.497266, 23.00459], [99.464551, 23.04624], [99.418066, 23.069238], [99.34082, 23.095898], [99.220313, 23.10332], [99.055078, 23.130566], [98.86377, 23.19126], [98.885547, 23.307471], [98.882617, 23.380322], [98.858887, 23.440088], [98.819727, 23.48252], [98.797852, 23.52041], [98.832227, 23.624365], [98.787695, 23.737842], [98.735059, 23.783105], [98.680859, 23.841797], [98.676758, 23.905078], [98.701563, 23.964062], [98.833984, 24.090576], [98.835059, 24.121191], [98.802344, 24.118701], [98.764355, 24.116064], [98.583398, 24.069824], [98.56416, 24.098828], [98.499414, 24.115674], [98.367285, 24.119043], [98.2125, 24.110645], [98.016895, 24.06543], [97.837695, 23.986279], [97.755664, 23.931885], [97.686035, 23.898096], [97.629687, 23.887158], [97.564551, 23.911035], [97.568262, 23.988477], [97.690625, 24.130811], [97.708203, 24.22876], [97.670703, 24.312744], [97.666602, 24.37998], [97.623633, 24.422949], [97.563281, 24.443848], [97.531445, 24.491699], [97.529395, 24.631201], [97.583301, 24.774805], [97.670703, 24.820117], [97.723828, 24.841992], [97.737891, 24.869873], [97.710742, 24.970361], [97.714941, 25.034326], [97.767383, 25.158057], [97.819531, 25.251855], [97.917969, 25.236133], [97.962012, 25.259326], [98.010742, 25.292529], [98.064063, 25.348975], [98.099609, 25.415723], [98.142871, 25.571094], [98.172559, 25.594531], [98.296582, 25.568848], [98.333789, 25.586768], [98.40166, 25.677979], [98.465527, 25.788867], [98.558398, 25.823242], [98.625391, 25.826709], [98.65625, 25.863574], [98.654688, 25.917773], [98.591016, 26.003711], [98.564063, 26.072412], [98.571973, 26.114062], [98.663184, 26.139453], [98.685547, 26.189355], [98.671875, 26.298535], [98.709473, 26.429688], [98.731836, 26.583398], [98.739355, 26.698145], [98.738477, 26.785742], [98.729492, 26.877393], [98.716504, 27.044922], [98.674805, 27.190625], [98.682422, 27.245312], [98.676758, 27.421924], [98.651172, 27.572461], [98.599805, 27.598828], [98.504492, 27.647656], [98.452539, 27.657227], [98.408887, 27.639453], [98.392383, 27.587061], [98.350488, 27.538086], [98.298828, 27.550098], [98.274219, 27.599072], [98.241016, 27.663184], [98.130469, 27.967578], [98.118359, 28.055225], [98.098926, 28.142285], [98.061621, 28.185889], [98.022266, 28.211523], [97.934082, 28.313818], [97.887598, 28.356494], [97.864941, 28.363574], [97.816504, 28.356348], [97.769043, 28.356152], [97.730078, 28.407129], [97.694629, 28.469336], [97.658887, 28.5], [97.599219, 28.517041], [97.537891, 28.510205], [97.502148, 28.456348], [97.477734, 28.425635], [97.431445, 28.353906], [97.356445, 28.254492], [97.322461, 28.217969], [97.289453, 28.236816], [97.145117, 28.340332], [97.075391, 28.368945], [96.980859, 28.337695], [96.833008, 28.362402], [96.775781, 28.367041], [96.652832, 28.449756], [96.602637, 28.459912], [96.427734, 28.406006], [96.389063, 28.36792], [96.366406, 28.367285], [96.319824, 28.386523], [96.281445, 28.412061], [96.278906, 28.428174], [96.326172, 28.468555], [96.329883, 28.496826], [96.327344, 28.525391], [96.395605, 28.606543], [96.580859, 28.763672], [96.55, 28.82959], [96.477148, 28.959326], [96.46709, 29.022266], [96.435742, 29.050684], [96.346875, 29.027441], [96.162207, 28.909717], [96.137109, 28.922607], [96.141406, 28.963477], [96.122363, 29.08208], [96.180859, 29.117676], [96.270508, 29.16123], [96.339746, 29.209814], [96.355859, 29.249072], [96.337207, 29.260986], [96.234961, 29.245801], [96.194727, 29.272461], [96.128516, 29.381396], [96.07959, 29.424121], [96.035352, 29.447168], [95.885059, 29.390918], [95.710352, 29.313818], [95.51582, 29.206348], [95.516992, 29.151172], [95.49375, 29.137012], [95.456543, 29.102295], [95.420215, 29.054297], [95.389258, 29.037402], [95.353125, 29.035889], [95.279102, 29.049561], [95.144727, 29.104053], [94.998828, 29.14917], [94.96748, 29.144043], [94.769434, 29.175879], [94.763086, 29.20127], [94.733398, 29.251611], [94.677051, 29.297021], [94.623047, 29.312402], [94.468066, 29.216211], [94.293262, 29.144629], [94.193457, 29.059912], [94.111523, 28.975879], [94.017676, 28.959521], [94.013281, 28.90752], [93.973633, 28.860791], [93.902246, 28.803223], [93.760742, 28.729785], [93.664941, 28.690234], [93.360547, 28.654053], [93.251953, 28.629492], [93.206543, 28.59082], [93.157813, 28.492725], [93.119238, 28.402295], [93.034961, 28.327637], [92.881836, 28.228125], [92.701855, 28.147119], [92.652539, 28.093359], [92.643457, 28.061523], [92.665625, 28.049854], [92.6875, 28.025732], [92.687793, 27.988965], [92.664355, 27.948926], [92.54668, 27.879199], [92.480664, 27.845947], [92.414844, 27.824609], [92.341016, 27.820752], [92.270117, 27.830225], [92.250488, 27.841504], [92.222266, 27.826953], [92.157617, 27.812256], [92.10127, 27.807617], [91.977637, 27.730371], [91.909375, 27.729687], [91.824707, 27.746436], [91.712598, 27.759814], [91.631934, 27.759961], [91.629395, 27.800879], [91.641895, 27.923242], [91.605566, 27.951709], [91.493359, 27.981787], [91.367578, 28.021631], [91.306836, 28.064014], [91.273047, 28.078369], [91.225879, 28.07124], [91.149902, 28.026758], [91.077734, 27.974463], [91.020801, 27.970068], [90.9625, 27.99458], [90.906641, 28.026514], [90.715723, 28.071729], [90.630078, 28.078564], [90.477344, 28.07085], [90.352734, 28.080225], [90.333105, 28.093994], [90.333789, 28.119141], [90.352148, 28.168164], [90.362988, 28.216504], [90.348242, 28.243945], [90.220801, 28.277734], [90.104492, 28.302051], [89.981055, 28.311182], [89.897852, 28.294141], [89.816895, 28.256299], [89.749805, 28.188184], [89.652734, 28.158301], [89.536914, 28.107422], [89.480664, 28.059961], [89.395898, 27.958154], [89.272656, 27.833154], [89.160449, 27.711279], [89.102344, 27.592578], [89.025488, 27.517871], [88.947559, 27.464014], [88.891406, 27.316064], [88.83252, 27.362842], [88.764844, 27.429883], [88.749023, 27.521875], [88.829883, 27.767383], [88.848828, 27.868652], [88.828613, 27.907275], [88.803711, 28.006934], [88.75625, 28.039697], [88.621094, 28.091846], [88.57793, 28.093359], [88.531641, 28.057373], [88.486133, 28.034473], [88.425977, 28.01167], [88.275195, 27.968848], [88.141113, 27.948926], [88.108984, 27.933008], [88.098926, 27.904541], [88.109766, 27.870605], [88.02334, 27.883398], [87.933398, 27.89082], [87.860742, 27.886084], [87.682715, 27.821387], [87.622559, 27.815186], [87.555273, 27.821826], [87.46416, 27.823828], [87.290723, 27.821924], [87.141406, 27.83833], [87.020117, 27.928662], [86.933789, 27.968457], [86.842383, 27.99917], [86.750391, 28.02207], [86.719629, 28.070654], [86.690527, 28.094922], [86.614453, 28.103027], [86.554492, 28.085205], [86.516895, 27.963525], [86.484961, 27.939551], [86.408691, 27.928662], [86.328613, 27.959521], [86.217969, 28.02207], [86.174219, 28.091699], [86.137012, 28.114355], [86.078711, 28.083594], [86.075488, 27.99458], [86.06416, 27.934717], [85.994531, 27.9104], [85.954102, 27.928223], [85.92168, 27.989697], [85.840234, 28.135352], [85.759473, 28.220654], [85.67832, 28.277441], [85.410645, 28.276025], [85.212109, 28.292627], [85.122461, 28.315967], [85.088574, 28.372266], [85.121484, 28.484277], [85.160156, 28.571875], [85.159082, 28.592236], [85.126367, 28.602637], [85.069141, 28.609668], [84.855078, 28.553613], [84.796875, 28.560205], [84.759375, 28.579248], [84.714258, 28.595557], [84.676758, 28.621533], [84.650586, 28.65957], [84.46543, 28.75293], [84.410742, 28.803906], [84.312109, 28.868115], [84.228711, 28.911768], [84.175586, 29.036377], [84.127832, 29.156299], [84.101367, 29.219971], [84.021973, 29.253857], [83.935938, 29.279492], [83.79043, 29.227441], [83.671094, 29.187598], [83.583496, 29.183594], [83.456641, 29.306348], [83.355176, 29.43916], [83.235156, 29.55459], [83.155469, 29.612646], [83.013965, 29.618066], [82.854297, 29.683398], [82.64082, 29.831201], [82.486523, 29.941504], [82.220703, 30.063867], [82.158984, 30.115186], [82.135352, 30.158984], [82.098926, 30.245068], [82.043359, 30.326758], [81.854883, 30.362402], [81.641895, 30.3875], [81.417188, 30.337598], [81.255078, 30.093311], [81.177148, 30.039893], [81.110352, 30.036816], [81.055566, 30.098975], [81.010254, 30.164502], [80.985449, 30.237109], [80.873535, 30.290576], [80.746777, 30.3604], [80.682129, 30.414844], [80.608887, 30.448877], [80.541016, 30.463525], [80.40957, 30.509473], [80.260938, 30.561328], [80.191211, 30.568408], [80.18623, 30.605322], [80.207129, 30.68374], [80.194336, 30.759229], [80.149414, 30.789844], [80.081445, 30.781934], [79.924512, 30.88877], [79.918555, 30.889893], [79.916602, 30.894189], [79.871875, 30.924609], [79.794629, 30.968262], [79.664258, 30.965234], [79.56543, 30.949072], [79.493164, 30.993701], [79.388477, 31.064209], [79.369629, 31.079932], [79.33877, 31.105713], [79.232617, 31.241748], [79.107129, 31.402637], [79.04375, 31.426221], [79.011133, 31.414111], [78.973926, 31.328613], [78.945996, 31.337207], [78.899512, 31.331348], [78.844531, 31.301514], [78.791602, 31.293652], [78.757812, 31.30249], [78.743555, 31.323779], [78.758594, 31.436572], [78.726758, 31.471826], [78.755078, 31.550293], [78.80293, 31.618066], [78.753906, 31.668359], [78.693457, 31.740381], [78.687012, 31.805518], [78.719727, 31.887646], [78.735449, 31.957959], [78.725586, 31.983789], [78.677734, 32.023047], [78.495898, 32.215771], [78.486133, 32.23623], [78.455273, 32.300342], [78.441309, 32.397363], [78.41748, 32.466699], [78.389648, 32.519873], [78.391699, 32.544727], [78.4125, 32.557715], [78.526367, 32.570801], [78.631543, 32.578955], [78.700879, 32.597021], [78.736719, 32.558398], [78.753516, 32.499268], [78.771289, 32.468066], [78.837891, 32.411963], [78.918945, 32.358203], [78.997656, 32.365137], [79.066992, 32.388184], [79.127344, 32.475781], [79.169922, 32.497217], [79.219336, 32.501074], [79.219043, 32.507568], [79.216504, 32.564014], [79.233887, 32.703076], [79.22793, 32.758789], [79.205566, 32.809033], [79.20957, 32.864844], [79.202246, 32.946045], [79.145508, 33.001465], [79.108594, 33.022656], [79.102832, 33.052539], [79.12168, 33.108105], [79.135156, 33.171924], [79.1125, 33.22627], [79.066504, 33.250391], [79.012598, 33.291455], [78.948438, 33.346533], [78.916699, 33.386768], [78.865039, 33.431104], [78.801855, 33.499707], [78.789941, 33.650342], [78.783789, 33.808789], [78.761719, 33.887598], [78.72666, 34.013379], [78.731738, 34.055566], [78.753027, 34.087695], [78.931738, 34.188965], [78.970605, 34.228223], [78.976953, 34.258105], [78.970117, 34.302637], [78.936426, 34.351953], [78.864844, 34.390332], [78.763086, 34.45293], [78.670801, 34.518164], [78.515723, 34.557959], [78.326953, 34.606396], [78.282031, 34.653906], [78.236133, 34.769824], [78.158496, 34.946484], [78.075781, 35.134912], [78.012207, 35.251025], [78.00918, 35.306934], [78.047461, 35.449414], [78.042676, 35.479785], [78.009473, 35.490234], [77.945898, 35.471631], [77.894922, 35.449023], [77.851562, 35.460791], [77.810938, 35.484521], [77.802539, 35.492773], [77.799414, 35.495898], [77.724023, 35.480566], [77.572559, 35.471826], [77.52002, 35.473437], [77.446484, 35.475586], [77.294824, 35.508154], [77.090039, 35.552051], [76.878906, 35.613281], [76.766895, 35.661719], [76.727539, 35.678662], [76.631836, 35.729395], [76.563477, 35.772998], [76.55127, 35.887061], [76.502051, 35.878223], [76.385742, 35.837158], [76.25166, 35.810937], [76.177832, 35.810547], [76.147852, 35.829004], [76.10332, 35.949219], [76.070898, 35.983008], [76.010449, 35.996338], [75.945117, 36.017578], [75.912305, 36.048975], [75.904883, 36.088477], [75.934082, 36.133936], [75.968652, 36.168848], [75.974414, 36.382422], [75.951855, 36.458105], [75.933008, 36.521582], [75.884961, 36.600732], [75.840234, 36.649707], [75.772168, 36.694922], [75.667188, 36.741992], [75.57373, 36.759326], [75.460254, 36.725049], [75.424219, 36.738232], [75.376855, 36.883691], [75.34668, 36.913477], [75.145215, 36.973242], [75.053906, 36.987158], [74.949121, 36.968359], [74.889258, 36.952441], [74.841211, 36.979102], [74.766016, 37.012744], [74.692188, 37.035742], [74.600586, 37.03667], [74.541406, 37.022168], [74.526465, 37.030664], [74.497949, 37.057227], [74.376172, 37.137354], [74.372168, 37.157715], [74.558984, 37.236621], [74.668945, 37.266699], [74.72666, 37.290723], [74.738965, 37.285645], [74.767383, 37.24917], [74.840234, 37.225049], [74.891309, 37.231641], [74.918164, 37.25], [75.008398, 37.293555], [75.079004, 37.344043], [75.11875, 37.385693], [75.097461, 37.45127], [74.986426, 37.530371], [74.91582, 37.572803], [74.894238, 37.601416], [74.912305, 37.687305], [74.938281, 37.77251], [74.921289, 37.80498], [74.900293, 37.832715], [74.89082, 37.925781], [74.84248, 38.038086], [74.789648, 38.103613], [74.775098, 38.191895], [74.77207, 38.274756], [74.835938, 38.404297], [74.812305, 38.460303], [74.74502, 38.51001], [74.514063, 38.6], [74.277441, 38.659766], [74.187305, 38.65752], [74.131348, 38.661182], [74.065332, 38.608496], [74.025586, 38.539844], [73.97002, 38.533691], [73.869141, 38.562891], [73.80166, 38.606885], [73.754102, 38.698926], [73.716797, 38.817236], [73.696094, 38.854297], [73.706836, 38.88623], [73.72998, 38.914697], [73.794531, 38.941309], [73.805273, 38.968652], [73.795605, 39.002148], [73.74375, 39.044531], [73.69043, 39.104541], [73.607324, 39.229199], [73.623145, 39.297852], [73.636328, 39.39668], [73.631641, 39.448877], [73.715723, 39.462256], [73.822949, 39.488965], [73.872754, 39.533301], [73.907129, 39.578516], [73.914648, 39.606494], [73.88252, 39.714551], [73.839746, 39.762842], [73.835352, 39.800146], [73.85625, 39.828662], [73.88457, 39.87793], [73.93877, 39.978809], [73.991602, 40.043115], [74.020508, 40.059375], [74.085156, 40.074316], [74.242676, 40.092041], [74.411914, 40.137207], [74.613086, 40.272168], [74.679883, 40.310596], [74.767773, 40.329883], [74.830469, 40.328516], [74.841797, 40.344971], [74.80127, 40.428516], [74.811133, 40.458789], [74.835156, 40.482617], [74.865625, 40.493506], [75.004492, 40.449512], [75.111328, 40.454102], [75.241016, 40.480273], [75.520801, 40.627539], [75.555566, 40.625195], [75.583496, 40.605322], [75.617383, 40.516602], [75.655957, 40.329248], [75.677148, 40.305811], [75.871973, 40.303223], [76.004297, 40.371436], [76.062305, 40.387549], [76.156641, 40.376465], [76.206055, 40.408398], [76.258301, 40.430762], [76.318555, 40.352246], [76.396387, 40.389795], [76.480176, 40.449512], [76.520898, 40.51123], [76.57793, 40.577881], [76.622168, 40.662354], [76.639844, 40.742236], [76.661133, 40.779639], [76.708398, 40.818115], [76.824023, 40.982324], [76.907715, 41.02417], [76.986621, 41.03916], [77.182031, 41.010742], [77.283984, 41.014355], [77.581738, 40.992773], [77.719336, 41.024316], [77.815234, 41.055615], [77.956445, 41.050684], [78.123438, 41.075635], [78.346289, 41.281445], [78.348828, 41.325195], [78.362402, 41.371631], [78.442871, 41.417529], [78.543164, 41.45957], [78.742578, 41.560059], [79.148438, 41.719141], [79.293555, 41.782812], [79.354395, 41.781055], [79.503906, 41.820996], [79.766113, 41.898877], [79.84043, 41.995752], [79.909668, 42.01499], [80.216211, 42.032422], [80.235156, 42.043457], [80.246191, 42.059814], [80.229199, 42.129834], [80.209375, 42.190039], [80.233008, 42.207812], [80.259082, 42.2354], [80.255078, 42.27417], [80.205762, 42.399414], [80.179297, 42.518359], [80.161914, 42.625537], [80.165039, 42.665527], [80.202246, 42.734473], [80.250293, 42.797266], [80.424023, 42.855762], [80.538965, 42.873486], [80.54375, 42.911719], [80.450684, 42.935547], [80.383398, 42.973779], [80.371289, 42.995605], [80.374512, 43.02041], [80.390234, 43.043115], [80.507031, 43.085791], [80.616992, 43.128271], [80.751172, 43.10249], [80.777734, 43.118945], [80.785742, 43.161572], [80.757031, 43.204346], [80.729785, 43.274268], [80.667773, 43.310059], [80.66543, 43.352979], [80.703809, 43.427051], [80.650781, 43.56416], [80.593457, 43.685107], [80.495996, 43.89209], [80.431543, 43.951758], [80.395801, 44.047168], [80.355273, 44.097266], [80.358984, 44.171289], [80.365332, 44.223291], [80.354883, 44.326514], [80.336328, 44.438379], [80.355078, 44.552002], [80.391016, 44.626807], [80.381445, 44.65542], [80.400586, 44.676904], [80.455469, 44.684082], [80.481543, 44.714648], [80.455469, 44.746094], [80.36084, 44.770312], [80.255078, 44.808105], [80.127832, 44.80376], [79.997168, 44.797217], [79.932129, 44.825195], [79.875293, 44.86084], [79.871875, 44.883789], [79.950195, 44.944092], [80.05918, 45.006445], [80.228223, 45.033984], [80.414941, 45.075098], [80.50918, 45.10498], [80.634766, 45.126514], [80.780078, 45.135547], [80.85332, 45.129297], [81.040332, 45.169141], [81.334766, 45.246191], [81.602051, 45.31084], [81.691992, 45.349365], [81.758887, 45.31084], [81.789648, 45.226025], [81.86748, 45.18208], [81.944922, 45.16084], [81.989258, 45.161865], [82.122754, 45.194873], [82.266602, 45.219092], [82.323438, 45.205859], [82.39668, 45.162451], [82.478711, 45.123584], [82.521484, 45.125488], [82.558984, 45.15542], [82.596973, 45.215967], [82.621094, 45.293115], [82.625781, 45.374414], [82.611621, 45.424268], [82.58252, 45.442578], [82.45166, 45.471973], [82.32666, 45.519922], [82.312207, 45.563721], [82.315234, 45.594922], [82.348145, 45.671533], [82.429688, 45.811914], [82.511719, 46.005811], [82.555078, 46.158691], [82.692187, 46.38667], [82.8, 46.624463], [82.974902, 46.966016], [83.004102, 47.033496], [83.020117, 47.141455], [83.029492, 47.185937], [83.090332, 47.209375], [83.193066, 47.186572], [83.443555, 47.108643], [83.634082, 47.043213], [83.713965, 47.021045], [83.832617, 46.997852], [84.016016, 46.970508], [84.12207, 46.978613], [84.215137, 46.994727], [84.338867, 46.996143], [84.532422, 46.975781], [84.592285, 46.974951], [84.666602, 46.972363], [84.719531, 46.939355], [84.745996, 46.864355], [84.786133, 46.830713], [84.858203, 46.843164], [85.012207, 46.909229], [85.110547, 46.96123], [85.233496, 47.036377], [85.355371, 47.046729], [85.484766, 47.063525], [85.529688, 47.100781], [85.577246, 47.188477], [85.656641, 47.254639], [85.669824, 47.338379], [85.641797, 47.397412], [85.586621, 47.493652], [85.588281, 47.558496], [85.561621, 47.746484], [85.525977, 47.915625], [85.562305, 48.051855], [85.626367, 48.204004], [85.651563, 48.250537], [85.692187, 48.311816], [85.749414, 48.385059], [85.829883, 48.408057], [86.056152, 48.42373], [86.265625, 48.454541], [86.372559, 48.48623], [86.483301, 48.505371], [86.549414, 48.528613], [86.66377, 48.635547], [86.717969, 48.697168], [86.757812, 48.860742], [86.728613, 48.939355], [86.753125, 49.008838], [86.808301, 49.049707], [86.885938, 49.090576], [86.937988, 49.097559], [87.048535, 49.109912], [87.22998, 49.105859], [87.322852, 49.085791], [87.416699, 49.076611], [87.476172, 49.091455], [87.51582, 49.122412], [87.576563, 49.132373], [87.668359, 49.147217], [87.7625, 49.16582], [87.814258, 49.162305], [87.825195, 49.116309], [87.816309, 49.080273], [87.834668, 49.031934], [87.872168, 49.000146], [87.859863, 48.965527], [87.806836, 48.945508], [87.754687, 48.918555], [87.743164, 48.881641], [87.80918, 48.835742], [87.831836, 48.79165], [87.942187, 48.765283], [88.02793, 48.735596], [88.060059, 48.707178], [88.050195, 48.675049], [88.010645, 48.64043], [87.972266, 48.60332], [87.967383, 48.581055], [87.979688, 48.555127], [88.062598, 48.537842], [88.158203, 48.509082], [88.309961, 48.47207], [88.413965, 48.403418], [88.51709, 48.384473], [88.566797, 48.317432], [88.575977, 48.220166], [88.681836, 48.170557], [88.838281, 48.101709], [88.917773, 48.089014], [88.971094, 48.049951], [89.047656, 48.002539], [89.115625, 47.987695], [89.196289, 47.980908], [89.329883, 48.024854], [89.479199, 48.029053], [89.560938, 48.003955], [89.638477, 47.909082], [89.693164, 47.87915], [89.725586, 47.85249], [89.778125, 47.827002], [89.831348, 47.823291], [89.910449, 47.844336], [89.958691, 47.886328], [90.02793, 47.877686], [90.053906, 47.850488], [90.066602, 47.803564], [90.103223, 47.74541], [90.191016, 47.7021], [90.313281, 47.676172], [90.330664, 47.655176], [90.347461, 47.596973], [90.380664, 47.556641], [90.425195, 47.504102], [90.46748, 47.408154], [90.476465, 47.328809], [90.496191, 47.285156], [90.55293, 47.214014], [90.643359, 47.100293], [90.715527, 47.003857], [90.799023, 46.985156], [90.869922, 46.954492], [90.910547, 46.883252], [90.985742, 46.749023], [90.997852, 46.661084], [91.004297, 46.595752], [91.028906, 46.566064], [91.033887, 46.529004], [90.971484, 46.387988], [90.918262, 46.324268], [90.911523, 46.270654], [90.947559, 46.177295], [90.996777, 46.10498], [91.001758, 46.035791], [90.959766, 45.985059], [90.887109, 45.921631], [90.852441, 45.8854], [90.795898, 45.853516], [90.709668, 45.730811], [90.670703, 45.595166], [90.661816, 45.525244], [90.694434, 45.474658], [90.749609, 45.418945], [90.763184, 45.370654], [90.853223, 45.262891], [90.877246, 45.196094], [90.913965, 45.193945], [90.953613, 45.215918], [91.05, 45.217432], [91.137695, 45.193945], [91.221777, 45.144531], [91.312109, 45.118115], [91.441016, 45.124756], [91.510059, 45.098242], [91.584375, 45.076514], [91.737793, 45.068945], [91.852832, 45.069336], [92.029785, 45.068506], [92.172656, 45.035254], [92.423828, 45.008936], [92.578906, 45.010986], [92.787891, 45.035742], [92.916016, 45.020166], [93.294336, 44.983154], [93.516211, 44.944482], [93.656445, 44.900977], [93.755273, 44.831934], [93.868164, 44.724219], [93.95791, 44.674951], [94.199316, 44.645166], [94.364746, 44.519482], [94.494336, 44.47251], [94.712012, 44.35083], [94.866016, 44.30332], [95.049805, 44.259424], [95.350293, 44.278076], [95.366797, 44.261523], [95.343652, 44.19541], [95.325586, 44.104883], [95.325586, 44.039355], [95.356445, 44.005957], [95.471289, 43.986182], [95.525586, 43.953955], [95.567187, 43.892236], [95.591211, 43.853613], [95.687305, 43.664062], [95.841992, 43.383691], [95.85957, 43.275977], [95.9125, 43.206494], [96.080273, 43.096143], [96.168457, 43.014502], [96.299512, 42.928711], [96.34248, 42.849316], [96.352344, 42.746777], [96.385449, 42.720361], [96.625293, 42.743848], [96.833008, 42.760254], [97.205664, 42.789795], [97.718945, 42.736279], [98.248242, 42.684521], [98.716309, 42.638721], [98.946875, 42.616211], [99.467871, 42.568213], [99.757422, 42.629443], [99.983789, 42.677344], [100.086328, 42.670752], [100.519043, 42.616797], [100.772559, 42.587793], [101.091992, 42.551318], [101.31377, 42.537891], [101.495313, 42.53877], [101.579102, 42.523535], [101.659961, 42.500049], [101.713867, 42.46582], [101.879883, 42.292334], [101.972949, 42.215869], [102.156641, 42.158105], [102.575195, 42.09209], [102.806836, 42.052002], [103.072852, 42.005957], [103.247852, 41.936572], [103.449707, 41.855859], [103.711133, 41.751318], [103.997266, 41.796973], [104.305176, 41.846143], [104.498242, 41.877002], [104.498242, 41.658691], [104.773633, 41.641162], [104.860352, 41.64375], [104.982031, 41.595508], [105.050586, 41.615918], [105.11543, 41.663281], [105.19707, 41.738037], [105.314355, 41.770898], [105.51709, 41.854736], [105.566406, 41.875098], [105.867578, 41.993994], [106.317187, 42.140576], [106.51875, 42.211572], [106.579102, 42.227344], [106.693164, 42.263574], [106.77002, 42.288721], [106.906055, 42.308887], [107.090723, 42.321533], [107.292383, 42.349268], [107.74873, 42.400977], [107.805957, 42.405859], [108.062305, 42.427197], [108.171191, 42.447314], [108.333984, 42.436768], [108.546484, 42.429297], [108.687305, 42.416113], [108.874512, 42.426465], [109.131641, 42.440576], [109.339844, 42.438379], [109.443164, 42.455957], [109.595508, 42.510547], [109.698047, 42.553809], [109.858789, 42.60625], [110.058008, 42.660596], [110.196875, 42.71001], [110.288867, 42.742725], [110.400391, 42.773682], [110.42959, 42.813574], [110.461719, 42.844141], [110.520898, 42.895264], [110.627539, 42.990527], [110.708594, 43.073877], [110.748535, 43.110791], [110.839551, 43.194092], [110.913281, 43.256885], [111.007227, 43.341406], [111.086523, 43.36875], [111.186816, 43.391992], [111.451074, 43.474902], [111.503516, 43.492773], [111.547363, 43.496289], [111.64082, 43.563184], [111.719727, 43.621143], [111.771094, 43.6646], [111.878125, 43.680176], [111.933203, 43.711426], [111.942871, 43.752441], [111.931738, 43.814941], [111.880273, 43.878906], [111.836914, 43.934668], [111.683789, 44.041113], [111.602637, 44.107129], [111.519727, 44.191895], [111.48623, 44.271631], [111.42959, 44.322363], [111.402246, 44.367285], [111.410937, 44.419189], [111.489453, 44.511572], [111.514746, 44.569824], [111.547461, 44.6729], [111.621289, 44.827148], [111.681445, 44.89917], [111.751074, 44.969531], [111.898047, 45.064062], [112.032617, 45.081641], [112.112891, 45.062939], [112.29209, 45.063037], [112.411328, 45.058203], [112.499316, 45.010937], [112.596777, 44.917676], [112.706738, 44.883447], [113.049414, 44.810352], [113.196094, 44.794824], [113.300977, 44.79165], [113.455664, 44.767432], [113.50791, 44.762354], [113.587012, 44.745703], [113.652637, 44.763477], [113.752148, 44.825928], [113.877051, 44.896191], [113.930859, 44.912305], [114.030273, 44.942578], [114.080273, 44.971143], [114.167383, 45.049854], [114.281055, 45.110889], [114.419141, 45.202588], [114.487305, 45.271729], [114.502246, 45.316309], [114.517188, 45.3646], [114.560156, 45.38999], [114.644336, 45.413281], [114.73877, 45.419629], [114.919238, 45.378271], [115.162598, 45.390234], [115.21748, 45.396191], [115.439453, 45.419971], [115.539453, 45.439502], [115.681055, 45.458252], [115.78916, 45.534814], [115.93418, 45.626172], [116.039551, 45.676953], [116.109863, 45.686719], [116.197656, 45.739355], [116.240625, 45.795996], [116.229102, 45.845752], [116.212988, 45.886914], [116.264551, 45.963037], [116.357617, 46.096582], [116.444824, 46.158789], [116.516699, 46.209082], [116.562598, 46.289795], [116.619336, 46.313086], [116.688867, 46.321973], [116.787012, 46.37666], [116.859082, 46.387939], [116.978809, 46.361768], [117.155957, 46.355078], [117.269043, 46.352246], [117.333398, 46.362012], [117.356934, 46.391309], [117.356348, 46.43667], [117.392188, 46.537598], [117.405566, 46.570898], [117.438086, 46.58623], [117.546875, 46.588281], [117.620508, 46.552002], [117.671094, 46.52207], [117.741211, 46.518164], [117.813477, 46.537695], [117.910449, 46.619336], [118.071289, 46.666602], [118.156836, 46.678564], [118.308691, 46.717041], [118.404395, 46.703174], [118.580469, 46.691895], [118.64873, 46.70166], [118.722949, 46.691895], [118.790332, 46.74707], [118.843945, 46.760205], [118.957129, 46.734863], [119.028516, 46.692187], [119.162109, 46.638672], [119.331836, 46.613818], [119.474023, 46.62666], [119.620215, 46.603955], [119.706641, 46.606006], [119.747461, 46.627197], [119.867188, 46.672168], [119.895898, 46.732861], [119.88418, 46.791455], [119.897852, 46.857812], [119.862695, 46.906592], [119.788477, 46.978809], [119.759863, 47.027002], [119.757227, 47.090039], [119.711133, 47.15], [119.600195, 47.222461], [119.526953, 47.255908], [119.37666, 47.380859], [119.325977, 47.410156], [119.308594, 47.430713], [119.29082, 47.472656], [119.235254, 47.492578], [119.162402, 47.525195], [119.122949, 47.558496], [119.097266, 47.61626], [119.081934, 47.65415], [119.017578, 47.685352], [118.953125, 47.70293], [118.880273, 47.725098], [118.759961, 47.757617], [118.690527, 47.822266], [118.567773, 47.943262], [118.498438, 47.983984], [118.239648, 47.999512], [118.14707, 48.028906], [118.041895, 48.018945], [117.979199, 47.999609], [117.84043, 47.999854], [117.768359, 47.987891], [117.67666, 47.908301], [117.555371, 47.804688], [117.455078, 47.741357], [117.383984, 47.675732], [117.350781, 47.652197], [117.285937, 47.666357], [117.19707, 47.740283], [117.069727, 47.806396], [116.95166, 47.836572], [116.901172, 47.853076], [116.760547, 47.869775], [116.651953, 47.864502], [116.513477, 47.839551], [116.378223, 47.844043], [116.317187, 47.859863], [116.231152, 47.858203], [116.074805, 47.789551], [115.993848, 47.711328], [115.898242, 47.686914], [115.811719, 47.738232], [115.711719, 47.798926], [115.616406, 47.874805], [115.557617, 47.94502], [115.525098, 48.130859], [115.639453, 48.18623], [115.785547, 48.248242], [115.796582, 48.346338], [115.791699, 48.455713], [115.820508, 48.577246], [115.953809, 48.689355], [116.025488, 48.782275], [116.034375, 48.840039], [116.098242, 48.936133], [116.159668, 49.037451], [116.243359, 49.170361], [116.402148, 49.406201], [116.589746, 49.684814], [116.683301, 49.823779], [116.888965, 49.737793], [117.02168, 49.692969], [117.245605, 49.624854], [117.477148, 49.609424], [117.698438, 49.53584], [117.812598, 49.513525], [117.873438, 49.513477], [118.186621, 49.692773], [118.451563, 49.844482], [118.755957, 49.962842], [118.979492, 49.978857], [119.147461, 50.013379], [119.259863, 50.066406], [119.326074, 50.154932], [119.346289, 50.278955], [119.301562, 50.353906], [119.191895, 50.379834], [119.163672, 50.406006], [119.216699, 50.43252], [119.255859, 50.48418], [119.280664, 50.560986], [119.344043, 50.633887], [119.445703, 50.702832], [119.501758, 50.779248], [119.512305, 50.863135], [119.573438, 50.946777], [119.684961, 51.030127], [119.745996, 51.107715], [119.756641, 51.179492], [119.813184, 51.267041], [119.966992, 51.422119], [120.066895, 51.600684], [120.237012, 51.722998], [120.510547, 51.848535], [120.681445, 51.973047], [120.749805, 52.096533], [120.744531, 52.205469], [120.66543, 52.299902], [120.650391, 52.395898], [120.699219, 52.493604], [120.656152, 52.56665], [120.521094, 52.615039], [120.360059, 52.627002], [120.172754, 52.60249], [120.067578, 52.63291], [120.044336, 52.718213], [120.094531, 52.787207], [120.218164, 52.839893], [120.421289, 52.968066], [120.704102, 53.171826], [120.985449, 53.28457], [121.405469, 53.317041], [121.743945, 53.383594], [122.088867, 53.451465], [122.337793, 53.48501], [122.380176, 53.4625], [122.51582, 53.456982], [122.744727, 53.468506], [122.957617, 53.497705], [123.154102, 53.54458], [123.30957, 53.555615], [123.424023, 53.530762], [123.489453, 53.529443], [123.534766, 53.526465], [123.559766, 53.52666], [123.607813, 53.546533], [123.740918, 53.510986], [123.994727, 53.405615], [124.154297, 53.358691], [124.219922, 53.370117], [124.291406, 53.340869], [124.369141, 53.270947], [124.465918, 53.229639], [124.639844, 53.210645], [124.812305, 53.133838], [124.882129, 53.129736], [124.906641, 53.172656], [124.970898, 53.197314], [125.075, 53.203662], [125.225586, 53.16582], [125.422461, 53.08374], [125.545996, 53.047607], [125.595996, 53.057471], [125.649023, 53.042285], [125.691699, 53.003711], [125.695312, 52.956299], [125.680762, 52.930811], [125.728125, 52.890723], [125.782813, 52.890723], [125.871875, 52.871533], [125.941602, 52.800684], [126.004297, 52.767871], [126.048145, 52.739453], [126.056055, 52.715869], [126.060156, 52.691992], [126.04707, 52.673486], [126.023242, 52.643018], [126.016016, 52.610205], [126.045898, 52.57334], [126.156641, 52.546631], [126.194434, 52.519141], [126.20293, 52.483838], [126.237598, 52.444824], [126.312891, 52.399756], [126.341699, 52.362012], [126.324219, 52.331641], [126.346289, 52.30625], [126.383496, 52.286523], [126.391504, 52.214502], [126.394824, 52.172998], [126.455566, 52.126465], [126.468066, 52.031299], [126.510547, 51.92583], [126.653711, 51.781299], [126.700781, 51.703027], [126.688672, 51.609912], [126.70918, 51.566309], [126.774512, 51.545068], [126.805469, 51.505664], [126.801758, 51.448047], [126.827344, 51.412256], [126.847754, 51.37417], [126.833789, 51.314893], [126.854395, 51.261377], [126.887695, 51.230127], [126.911523, 51.172314], [126.924805, 51.100146], [127.02041, 50.985889], [127.198242, 50.829443], [127.307031, 50.707959], [127.346875, 50.621338], [127.347168, 50.550098], [127.308203, 50.494189], [127.306055, 50.453516], [127.34082, 50.428076], [127.351172, 50.393604], [127.337207, 50.350146], [127.395313, 50.298584], [127.590234, 50.208984], [127.512305, 50.07168], [127.491797, 49.975049], [127.502441, 49.873437], [127.550781, 49.801807], [127.636719, 49.760205], [127.690137, 49.716748], [127.711133, 49.671533], [127.814258, 49.622119], [127.999609, 49.568604], [128.237109, 49.559277], [128.526758, 49.594238], [128.704004, 49.600146], [128.769043, 49.576953], [128.791016, 49.541846], [128.770313, 49.494727], [128.819336, 49.46377], [128.938281, 49.448926], [129.020313, 49.419238], [129.065137, 49.374658], [129.120117, 49.362061], [129.185156, 49.381396], [129.248438, 49.378662], [129.309863, 49.353857], [129.350098, 49.362354], [129.384668, 49.389453], [129.440723, 49.389453], [129.498145, 49.388818], [129.533691, 49.323437], [129.591406, 49.28667], [129.671094, 49.278516], [129.792578, 49.198877], [130.037109, 48.972266], [130.195996, 48.89165], [130.355273, 48.866357], [130.553125, 48.861182], [130.617188, 48.773193], [130.565625, 48.680127], [130.552148, 48.60249], [130.597266, 48.574658], [130.65918, 48.483398], [130.746875, 48.430371], [130.763477, 48.388428], [130.804297, 48.341504], [130.787207, 48.25459], [130.712109, 48.127637], [130.732617, 48.019238], [130.848633, 47.929443], [130.91543, 47.84292], [130.932813, 47.759814], [130.961914, 47.709326], [131.002734, 47.691455], [131.121875, 47.697656], [131.319336, 47.727832], [131.464258, 47.722607], [131.556738, 47.682031], [131.785254, 47.680518], [132.149805, 47.717969], [132.380176, 47.729492], [132.47627, 47.71499], [132.561914, 47.768506], [132.636914, 47.890088], [132.707227, 47.947266], [132.772852, 47.940088], [132.877148, 47.979102], [133.020117, 48.064404], [133.144043, 48.105664], [133.301172, 48.101514], [133.468359, 48.097168], [133.573242, 48.133008], [133.671777, 48.207715], [133.842188, 48.27373], [134.205859, 48.359912], [134.293359, 48.373437], [134.334961, 48.368848], [134.456152, 48.355322], [134.563574, 48.321729], [134.665234, 48.253906], [134.680859, 48.210449], [134.669336, 48.15332], [134.647266, 48.120166], [134.605371, 48.08291], [134.566016, 48.02251], [134.591309, 47.975195], [134.650293, 47.874268], [134.698633, 47.801416], [134.752344, 47.71543], [134.728125, 47.684473], [134.695801, 47.624854], [134.596191, 47.523877], [134.541895, 47.485156], [134.483496, 47.447363], [134.38252, 47.438232], [134.339453, 47.429492], [134.29082, 47.413574], [134.260059, 47.377734], [134.225195, 47.352637], [134.167676, 47.302197], [134.162988, 47.25874], [134.189258, 47.194238], [134.202148, 47.128076], [134.136914, 47.068994], [134.086426, 46.978125], [134.071387, 46.950781], [134.045996, 46.881982], [134.038574, 46.858154], [134.022656, 46.713184], [133.95752, 46.614258], [133.866602, 46.499121], [133.886719, 46.430566], [133.902734, 46.366943], [133.880273, 46.336035], [133.874805, 46.309082], [133.861328, 46.247754], [133.832813, 46.224268], [133.750195, 46.185937], [133.700684, 46.139746], [133.711133, 46.069629], [133.685742, 46.008936], [133.647852, 45.955225], [133.608008, 45.920312], [133.551172, 45.897803], [133.513086, 45.878809], [133.484668, 45.810449], [133.475781, 45.757666], [133.449121, 45.705078], [133.465625, 45.651221], [133.436426, 45.604687], [133.355469, 45.572217], [133.30957, 45.553076], [133.266992, 45.545264], [133.186035, 45.494824], [133.113379, 45.321436], [133.096875, 45.220459], [133.113477, 45.130713], [133.011719, 45.074561], [132.936035, 45.029932], [132.88877, 45.046045], [132.838672, 45.061133], [132.723145, 45.080566], [132.665625, 45.093701], [132.549023, 45.122803], [132.362988, 45.159961], [132.181348, 45.203271], [132.067383, 45.225977], [131.977539, 45.243994], [131.909277, 45.27373], [131.851855, 45.326855], [131.794922, 45.305273], [131.74209, 45.242627], [131.654004, 45.205371], [131.613965, 45.136572], [131.578711, 45.083643], [131.4875, 45.013135], [131.446875, 44.984033], [131.268262, 44.936133], [131.22793, 44.920166], [131.082324, 44.91001], [131.033008, 44.888867], [130.981641, 44.844336], [130.967773, 44.799951], [131.003906, 44.753223], [131.060645, 44.659668], [131.086914, 44.595654], [131.125781, 44.469189], [131.255273, 44.071582], [131.213281, 44.00293], [131.174219, 43.704736], [131.183594, 43.650879], [131.180078, 43.56709], [131.182422, 43.505566], [131.20918, 43.49043], [131.243945, 43.469043], [131.261816, 43.433057], [131.257324, 43.378076], [131.239355, 43.337646], [131.211914, 43.257764], [131.175586, 43.142187], [131.135547, 43.097607], [131.108984, 43.062451], [131.086133, 43.038086], [131.083496, 42.956299], [131.068555, 42.902246], [131.005566, 42.883105], [130.942871, 42.851758], [130.868555, 42.86333], [130.80332, 42.856836], [130.722461, 42.83584], [130.577246, 42.811621], [130.492969, 42.779102], [130.452734, 42.75542], [130.424805, 42.727051], [130.419922, 42.699854], [130.439258, 42.685547], [130.520605, 42.674316], [130.576563, 42.623242], [130.584473, 42.567334], [130.526953, 42.5354], [130.498242, 42.570508], [130.450293, 42.581689], [130.360742, 42.630859], [130.295605, 42.684961], [130.24668, 42.744824], [130.248828, 42.872607], [130.240332, 42.891797], [130.15127, 42.917969], [130.124805, 42.956006], [130.082617, 42.97417], [130.022266, 42.962598], [129.976953, 42.974854], [129.941211, 42.995654], [129.898242, 42.998145], [129.861035, 42.965088], [129.841504, 42.894238], [129.779199, 42.776562], [129.773438, 42.705469], [129.746484, 42.603809], [129.719727, 42.475], [129.697852, 42.448145], [129.62793, 42.444287], [129.603906, 42.435889], [129.567578, 42.39209], [129.52373, 42.384668], [129.484863, 42.410303], [129.423633, 42.435889], [129.36582, 42.439209], [129.313672, 42.413574], [129.252539, 42.357861], [129.217773, 42.312695], [129.205371, 42.270557], [129.195508, 42.218457], [129.133691, 42.168506], [129.077246, 42.142383], [128.960645, 42.068799], [128.923438, 42.038232], [128.839844, 42.037842], [128.749023, 42.040674], [128.626758, 42.02085], [128.427246, 42.010742], [128.307813, 42.025635], [128.160156, 42.011621], [128.045215, 41.9875], [128.028711, 41.951611], [128.03291, 41.898486], [128.056055, 41.86377], [128.08418, 41.840576], [128.131934, 41.769141], [128.181738, 41.700049], [128.257812, 41.655371], [128.289258, 41.607422], [128.290918, 41.562793], [128.254883, 41.506543], [128.200293, 41.433008], [128.149414, 41.387744], [128.11123, 41.389258], [128.052734, 41.415625], [128.013086, 41.448682], [127.918652, 41.461133], [127.687695, 41.43999], [127.572168, 41.454736], [127.516992, 41.481738], [127.420313, 41.483789], [127.270801, 41.519824], [127.179688, 41.531348], [127.136719, 41.554541], [127.128418, 41.607422], [127.085352, 41.643799], [127.061328, 41.687354], [127.006934, 41.742041], [126.954785, 41.769482], [126.903516, 41.781055], [126.847266, 41.747998], [126.787695, 41.718213], [126.743066, 41.724854], [126.721582, 41.716553], [126.696973, 41.691895], [126.60127, 41.640967], [126.57832, 41.594336], [126.540137, 41.495557], [126.513574, 41.393994], [126.49043, 41.358057], [126.451465, 41.351855], [126.411816, 41.321338], [126.328711, 41.225684], [126.253613, 41.137793], [126.144531, 41.078271], [126.093164, 41.023682], [126.066797, 40.974072], [125.989062, 40.904639], [125.874902, 40.892236], [125.783984, 40.872021], [125.72832, 40.866699], [125.688281, 40.838672], [125.65918, 40.795898], [125.645117, 40.778955], [125.593848, 40.778955], [125.542578, 40.742578], [125.416895, 40.659912], [125.314453, 40.644629], [125.185938, 40.589404], [125.072949, 40.547461], [125.025977, 40.523877], [125.013379, 40.497852], [124.996875, 40.464746], [124.942285, 40.458154], [124.889355, 40.459814], [124.771973, 40.38374], [124.712402, 40.319238], [124.481055, 40.181641], [124.386621, 40.104248], [124.362109, 40.004053], [124.35, 40.011572], [124.26748, 39.92417], [124.105762, 39.841016], [123.760156, 39.822412], [123.650879, 39.881592], [123.61123, 39.84082], [123.580664, 39.786133], [123.490039, 39.767871], [123.348145, 39.762939], [123.268945, 39.726904], [123.226562, 39.686621], [123.032227, 39.673535], [122.960938, 39.619922], [122.840039, 39.60083], [122.334863, 39.366113], [122.225, 39.267334], [122.120898, 39.151904], [122.047656, 39.093799], [121.982324, 39.053174], [121.922656, 39.036523], [121.864355, 38.996484], [121.805176, 38.991406], [121.744824, 39.009668], [121.677246, 39.003418], [121.632812, 38.954834], [121.67041, 38.891797], [121.649902, 38.865088], [121.517188, 38.830762], [121.320117, 38.808203], [121.236328, 38.766943], [121.207422, 38.743506], [121.163574, 38.731641], [121.12168, 38.813281], [121.106738, 38.920801], [121.188281, 38.94668], [121.263281, 38.960254], [121.679883, 39.108691], [121.627637, 39.220166], [121.664551, 39.26875], [121.757812, 39.347559], [121.818457, 39.386523], [121.785449, 39.40083], [121.5125, 39.374854], [121.355664, 39.376807], [121.275488, 39.384766], [121.299805, 39.452197], [121.286328, 39.519434], [121.26748, 39.544678], [121.406445, 39.62124], [121.469531, 39.640137], [121.517578, 39.638965], [121.514258, 39.685254], [121.474219, 39.754883], [121.517383, 39.844824], [121.800977, 39.950537], [121.868945, 40.046387], [121.982813, 40.13584], [122.190918, 40.358252], [122.20332, 40.396045], [122.263867, 40.500195], [122.275, 40.541846], [122.178711, 40.602734], [122.14043, 40.688184], [121.858789, 40.84209], [121.834863, 40.974268], [121.808594, 40.968506], [121.765625, 40.875879], [121.729297, 40.846143], [121.598926, 40.843408], [121.537109, 40.878418], [121.174512, 40.90127], [121.085938, 40.841602], [121.00293, 40.749121], [120.922266, 40.683105], [120.841309, 40.649219], [120.770703, 40.589062], [120.479102, 40.230957], [120.368945, 40.203857], [119.850391, 39.987451], [119.591113, 39.902637], [119.391113, 39.75249], [119.322363, 39.661621], [119.261328, 39.560889], [119.224609, 39.408057], [119.040137, 39.222363], [118.976953, 39.182568], [118.912305, 39.166406], [118.826465, 39.172119], [118.752441, 39.160498], [118.626367, 39.176855], [118.471973, 39.118018], [118.297852, 39.06709], [118.147852, 39.195068], [118.040918, 39.226758], [117.865723, 39.19126], [117.784668, 39.134473], [117.616699, 38.852881], [117.553809, 38.691455], [117.557813, 38.625146], [117.656055, 38.424219], [117.766699, 38.31167], [118.014941, 38.183398], [118.543262, 38.094922], [118.66709, 38.126367], [118.8, 38.12666], [118.940039, 38.042773], [119.027539, 37.904004], [119.035645, 37.80918], [119.038477, 37.776514], [119.070312, 37.748584], [119.08916, 37.700732], [119.033496, 37.661035], [118.99082, 37.641357], [118.954883, 37.494092], [118.952637, 37.331152], [118.998145, 37.2771], [119.111816, 37.201172], [119.287402, 37.138281], [119.449902, 37.124756], [119.760547, 37.155078], [119.8875, 37.253369], [119.87998, 37.295801], [119.88291, 37.35083], [120.155859, 37.49502], [120.311523, 37.622705], [120.287109, 37.656494], [120.257227, 37.679004], [120.284668, 37.69209], [120.370117, 37.701025], [120.75, 37.833936], [121.049023, 37.725195], [121.219531, 37.600146], [121.388086, 37.578955], [121.505273, 37.515039], [121.640234, 37.460352], [121.816406, 37.456641], [121.964844, 37.445312], [122.010156, 37.495752], [122.056641, 37.528906], [122.10957, 37.522314], [122.169141, 37.456152], [122.337695, 37.405273], [122.493262, 37.407959], [122.602344, 37.426416], [122.666992, 37.402832], [122.57334, 37.31792], [122.587305, 37.181104], [122.515527, 37.137842], [122.44668, 37.068115], [122.487402, 37.022266], [122.523438, 37.002637], [122.519727, 36.946826], [122.457031, 36.915137], [122.340918, 36.832227], [122.274219, 36.833838], [122.242285, 36.849854], [122.219727, 36.879541], [122.203223, 36.927197], [122.162402, 36.958643], [122.049512, 36.970752], [121.932715, 36.959473], [121.669629, 36.836377], [121.413086, 36.738379], [121.144043, 36.660449], [121.053809, 36.611377], [120.989941, 36.597949], [120.878516, 36.635156], [120.81084, 36.632812], [120.79668, 36.607227], [120.882617, 36.538916], [120.90498, 36.485303], [120.895801, 36.444141], [120.84707, 36.426074], [120.776172, 36.456299], [120.711523, 36.413281], [120.682227, 36.340723], [120.680957, 36.168359], [120.637891, 36.129932], [120.519336, 36.108691], [120.393066, 36.053857], [120.348242, 36.079199], [120.330273, 36.110107], [120.343457, 36.189453], [120.327734, 36.228174], [120.270117, 36.226172], [120.183301, 36.202441], [120.116992, 36.150293], [120.094141, 36.118896], [120.181445, 36.01748], [120.264746, 36.007227], [120.284766, 35.984424], [120.219043, 35.934912], [120.054688, 35.861133], [120.027441, 35.799365], [119.978711, 35.740234], [119.911719, 35.693213], [119.866211, 35.643652], [119.810547, 35.617725], [119.719727, 35.588721], [119.608398, 35.469873], [119.526465, 35.358594], [119.429688, 35.301416], [119.352832, 35.113818], [119.21582, 35.011768], [119.165332, 34.848828], [119.200977, 34.748437], [119.351367, 34.749414], [119.426758, 34.71416], [119.58291, 34.582227], [119.769727, 34.496191], [119.963672, 34.447803], [120.201465, 34.325684], [120.266699, 34.274023], [120.322656, 34.168994], [120.425684, 33.866309], [120.499805, 33.716455], [120.504785, 33.638184], [120.615625, 33.490527], [120.734473, 33.236621], [120.871094, 33.016504], [120.897363, 32.843213], [120.853027, 32.764111], [120.853223, 32.661377], [120.989941, 32.567041], [121.293359, 32.457324], [121.341699, 32.425049], [121.400977, 32.371924], [121.403906, 32.20625], [121.450781, 32.15332], [121.490527, 32.121094], [121.674219, 32.051025], [121.751074, 31.992871], [121.832422, 31.899756], [121.856348, 31.816455], [121.866309, 31.703564], [121.763574, 31.699512], [121.680859, 31.712158], [121.351953, 31.858789], [121.266406, 31.862695], [121.145801, 31.842334], [120.973535, 31.869385], [120.791699, 32.031738], [120.660547, 32.081055], [120.520117, 32.105859], [120.184082, 31.966162], [120.09873, 31.975977], [120.073926, 31.960254], [120.035937, 31.936279], [120.191602, 31.906348], [120.347461, 31.9521], [120.497168, 32.019824], [120.715527, 31.98374], [120.752246, 31.922852], [120.787793, 31.819775], [120.9375, 31.750195], [121.055371, 31.719434], [121.204883, 31.628076], [121.350977, 31.485352], [121.660645, 31.319727], [121.785937, 31.162891], [121.834473, 31.061621], [121.87793, 30.916992], [121.769434, 30.870361], [121.675195, 30.86377], [121.527539, 30.840967], [121.418945, 30.789795], [121.309961, 30.699707], [120.997656, 30.558252], [120.938281, 30.469727], [120.897461, 30.392627], [120.821484, 30.354639], [120.62998, 30.390869], [120.449805, 30.387842], [120.245508, 30.283545], [120.194629, 30.241309], [120.228516, 30.249561], [120.260547, 30.263037], [120.352539, 30.247412], [120.494531, 30.303076], [120.633398, 30.133154], [120.904492, 30.160645], [121.159375, 30.301758], [121.258008, 30.304102], [121.340625, 30.282373], [121.432715, 30.22666], [121.67793, 29.979102], [121.812305, 29.952148], [121.944336, 29.894092], [122.017285, 29.887695], [122.08291, 29.870361], [121.905762, 29.779687], [121.676562, 29.583789], [121.574609, 29.537012], [121.50625, 29.48457], [121.69043, 29.510986], [121.821875, 29.604639], [121.887988, 29.627783], [121.941211, 29.605908], [121.968359, 29.490625], [121.917773, 29.13501], [121.853516, 29.128906], [121.79082, 29.225684], [121.71748, 29.256348], [121.655957, 29.236133], [121.533691, 29.236719], [121.487109, 29.193164], [121.447656, 29.131348], [121.520898, 29.118457], [121.664941, 29.010596], [121.679688, 28.953125], [121.641016, 28.915918], [121.540039, 28.931885], [121.6625, 28.851416], [121.630078, 28.76792], [121.590332, 28.734814], [121.519141, 28.713672], [121.475195, 28.641406], [121.538086, 28.521094], [121.602051, 28.366602], [121.609961, 28.292139], [121.509961, 28.324268], [121.35459, 28.229883], [121.272266, 28.222119], [121.216797, 28.346191], [121.145703, 28.32666], [121.098437, 28.290527], [121.035449, 28.157275], [120.958594, 28.037012], [120.89248, 28.003906], [120.812988, 28.013379], [120.747656, 28.009961], [120.763477, 27.977441], [120.833008, 27.937793], [120.833008, 27.891455], [120.685156, 27.74458], [120.661328, 27.687891], [120.664844, 27.639453], [120.5875, 27.580762], [120.629102, 27.482129], [120.60752, 27.412402], [120.539844, 27.318359], [120.468652, 27.25625], [120.38457, 27.155518], [120.278711, 27.09707], [120.138574, 26.886133], [120.097461, 26.780664], [120.086719, 26.671582], [120.042969, 26.633838], [119.967773, 26.586377], [119.882227, 26.610449], [119.879492, 26.683008], [119.842383, 26.689307], [119.821289, 26.736914], [119.815137, 26.797607], [119.824219, 26.846387], [119.788672, 26.831494], [119.766699, 26.774707], [119.710449, 26.728662], [119.651563, 26.747266], [119.588184, 26.784961], [119.589941, 26.730469], [119.623633, 26.675879], [119.638184, 26.621191], [119.725977, 26.609424], [119.784766, 26.546631], [119.831152, 26.450195], [119.840332, 26.41416], [119.876465, 26.370947], [119.881055, 26.33418], [119.797266, 26.300146], [119.692676, 26.236426], [119.56709, 26.127344], [119.463086, 26.054688], [119.369727, 26.054053], [119.313086, 26.062549], [119.232129, 26.104395], [119.139453, 26.121777], [119.26377, 25.974805], [119.332031, 25.94873], [119.417773, 25.954346], [119.500879, 26.00918], [119.61875, 26.003564], [119.648242, 25.918701], [119.616895, 25.8229], [119.552832, 25.698682], [119.539453, 25.59126], [119.619141, 25.437451], [119.622461, 25.391162], [119.592773, 25.368018], [119.499219, 25.408643], [119.421777, 25.459619], [119.34375, 25.446289], [119.263086, 25.468018], [119.180078, 25.449805], [119.146289, 25.414307], [119.169336, 25.355713], [119.243555, 25.307031], [119.285547, 25.232227], [119.235547, 25.205957], [119.024609, 25.223438], [118.977539, 25.209277], [118.914453, 25.126807], [118.955664, 25.004785], [118.909082, 24.928906], [118.82207, 24.911133], [118.70752, 24.849805], [118.636914, 24.835547], [118.640234, 24.809082], [118.691797, 24.782324], [118.719141, 24.746143], [118.657031, 24.621436], [118.560352, 24.580371], [118.412012, 24.600732], [118.295313, 24.572754], [118.194531, 24.62583], [118.087109, 24.627002], [118.013867, 24.559912], [118.005957, 24.481982], [117.935059, 24.474219], [117.896875, 24.479834], [117.842676, 24.474316], [117.848242, 24.432471], [117.879004, 24.395898], [118.024219, 24.379639], [118.050586, 24.327148], [118.056055, 24.246094], [117.904102, 24.106445], [117.839453, 24.012305], [117.741699, 24.014795], [117.667871, 23.939258], [117.628223, 23.836719], [117.579199, 23.856982], [117.466406, 23.840576], [117.433105, 23.791699], [117.45957, 23.771484], [117.462207, 23.73623], [117.416992, 23.620996], [117.367676, 23.588623], [117.34668, 23.635742], [117.330762, 23.708789], [117.29082, 23.714355], [117.225, 23.647021], [117.148145, 23.598779], [117.08252, 23.57876], [117.032813, 23.623437], [116.910645, 23.64668], [116.860938, 23.453076], [116.75957, 23.38252], [116.712109, 23.360498], [116.629395, 23.353857], [116.682324, 23.327393], [116.698828, 23.277783], [116.669141, 23.228174], [116.586426, 23.218262], [116.538281, 23.179688], [116.519824, 23.006592], [116.470703, 22.945898], [116.345508, 22.941064], [116.251855, 22.981348], [116.22207, 22.949561], [116.206348, 22.918652], [116.157422, 22.887451], [116.062598, 22.879102], [115.852148, 22.801563], [115.755859, 22.823926], [115.64043, 22.853418], [115.561133, 22.824707], [115.534668, 22.765186], [115.49834, 22.718848], [115.38252, 22.718848], [115.289941, 22.775977], [115.195801, 22.817285], [115.091504, 22.781689], [115.012109, 22.708936], [114.914453, 22.684619], [114.896387, 22.639502], [114.853809, 22.616797], [114.750391, 22.626318], [114.711133, 22.738721], [114.65166, 22.755273], [114.592773, 22.698437], [114.571973, 22.654053], [114.544434, 22.620605], [114.554199, 22.528906], [114.496191, 22.527051], [114.420117, 22.583252], [114.340625, 22.593213], [114.266016, 22.540967], [114.228223, 22.553955], [114.188184, 22.56499], [114.122852, 22.56499], [114.097852, 22.55127], [114.050391, 22.542969], [114.018262, 22.514453], [114.01543, 22.511914], [113.931152, 22.531055], [113.82832, 22.607227], [113.754492, 22.733643], [113.661133, 22.80166], [113.619629, 22.861426], [113.603418, 22.968896], [113.586328, 23.02002], [113.592188, 23.076953], [113.620508, 23.12749], [113.519727, 23.1021], [113.445312, 23.055078], [113.460352, 22.995703], [113.441895, 22.940576], [113.331055, 22.912012], [113.337793, 22.888818], [113.344824, 22.8646], [113.432031, 22.789404], [113.449805, 22.726123], [113.484766, 22.692383], [113.553027, 22.594043], [113.551465, 22.40415], [113.588867, 22.350488], [113.576465, 22.297266], [113.549121, 22.225195], [113.546777, 22.224121], [113.527051, 22.245947], [113.494141, 22.241553], [113.481055, 22.21748], [113.478906, 22.195557], [113.473437, 22.194434], [113.415723, 22.178369], [113.367383, 22.164844], [113.327734, 22.14541], [113.266406, 22.08877], [113.149023, 22.075], [113.08877, 22.207959], [113.008203, 22.119336], [112.983789, 21.938232], [112.953906, 21.907324], [112.903809, 21.881445], [112.808594, 21.944629], [112.725391, 21.902344], [112.660742, 21.859473], [112.634082, 21.819873], [112.586328, 21.776855], [112.494727, 21.818311], [112.421289, 21.880615], [112.439453, 21.927344], [112.429297, 21.958105], [112.396094, 21.981348], [112.359668, 21.978027], [112.377441, 21.91748], [112.389746, 21.801221], [112.356445, 21.767578], [112.30498, 21.741699], [112.193359, 21.763135], [112.117188, 21.806494], [112.025195, 21.843018], [111.943945, 21.849658], [111.926465, 21.77627], [111.873438, 21.717139], [111.824609, 21.709766], [111.775977, 21.719238], [111.711914, 21.655225], [111.681641, 21.608496], [111.602734, 21.559082], [111.392383, 21.535107], [111.319141, 21.486133], [111.220605, 21.493896], [111.144238, 21.482227], [111.100586, 21.484717], [111.061133, 21.510986], [111.016895, 21.511719], [110.996777, 21.430273], [110.878027, 21.395947], [110.771094, 21.386523], [110.652148, 21.279102], [110.567187, 21.214062], [110.504297, 21.207422], [110.458008, 21.230566], [110.43457, 21.326904], [110.410937, 21.338135], [110.397461, 21.247705], [110.374609, 21.172363], [110.331152, 21.131348], [110.193555, 21.037646], [110.154004, 20.944629], [110.180371, 20.858594], [110.36543, 20.837598], [110.388477, 20.790527], [110.370508, 20.752051], [110.326172, 20.719922], [110.313086, 20.67168], [110.511523, 20.518262], [110.517578, 20.46001], [110.486914, 20.426855], [110.449512, 20.35542], [110.344727, 20.294824], [110.123145, 20.263721], [109.938477, 20.295117], [109.88252, 20.364063], [109.88584, 20.413135], [109.931641, 20.398877], [109.983887, 20.403271], [109.968359, 20.448145], [109.946387, 20.474365], [109.861035, 20.514307], [109.791992, 20.621875], [109.805273, 20.711475], [109.767383, 20.780713], [109.72627, 20.83877], [109.684766, 20.873633], [109.662598, 20.916895], [109.704492, 21.052734], [109.68125, 21.131641], [109.760156, 21.228369], [109.77959, 21.337451], [109.921094, 21.376465], [109.930762, 21.480566], [109.82959, 21.483594], [109.759375, 21.560059], [109.743359, 21.527979], [109.686914, 21.524609], [109.594336, 21.671973], [109.566406, 21.690576], [109.521484, 21.693408], [109.544043, 21.537939], [109.435547, 21.479492], [109.34668, 21.453955], [109.22041, 21.443408], [109.148633, 21.425537], [109.081543, 21.440283], [109.098145, 21.487354], [109.133496, 21.543604], [109.101758, 21.590479], [109.030566, 21.626514], [108.921777, 21.624414], [108.846387, 21.634473], [108.77168, 21.630469], [108.743945, 21.65127], [108.674512, 21.724658], [108.61582, 21.770459], [108.589355, 21.815967], [108.61582, 21.868896], [108.59375, 21.901025], [108.479883, 21.904639], [108.480859, 21.828809], [108.492578, 21.739404], [108.525684, 21.671387], [108.502148, 21.633447], [108.444336, 21.607324], [108.382812, 21.679199], [108.35459, 21.696924], [108.324805, 21.693506], [108.302148, 21.621924], [108.246289, 21.558398], [108.145605, 21.565186], [108.067383, 21.525977], [107.972656, 21.507959]]]]}}]}